stimulus_id,Happy,Amusing,Beauty,Calm,Energizing,Angry,Triumphant,target
-BaTPbE0Gdo,5.5,3.8333333333333335,4.166666666666667,3.6666666666666665,3.0,1.1666666666666667,3.6666666666666665,fem
-KKsNKY4V8k,5.833333333333333,4.5,4.5,3.3333333333333335,3.8333333333333335,1.0,3.0,fem
-Mqc2csT3ZM,5.0,3.5,3.5,4.0,3.6666666666666665,1.0,3.3333333333333335,mix
-NEHGAMiA2I,5.0,2.1666666666666665,4.166666666666667,4.333333333333333,2.6666666666666665,1.0,2.8333333333333335,fem
-SEKfzdaIK0,5.4,4.8,2.2,2.0,6.2,1.0,3.4,masc
-a9Jmy2fs3I,5.5,3.1666666666666665,4.166666666666667,3.8333333333333335,3.8333333333333335,1.0,3.6666666666666665,mix
-o98tc5dDUI,4.833333333333333,4.166666666666667,3.3333333333333335,3.5,4.0,1.3333333333333333,3.0,mix
-vSutSWNgLU,5.0,2.8333333333333335,3.3333333333333335,2.3333333333333335,5.0,1.6666666666666667,3.3333333333333335,mix
02qnqWCCdaI,2.3333333333333335,1.6666666666666667,1.0,1.0,3.1666666666666665,2.8333333333333335,3.1666666666666665,masc
04YHrUko8yI,3.5,2.6666666666666665,2.6666666666666665,2.6666666666666665,4.333333333333333,1.8333333333333333,3.0,masc
04ww4xZ8pH4,4.5,2.6666666666666665,2.5,2.5,3.3333333333333335,1.3333333333333333,2.8333333333333335,mix
06_OXzp1jh0,5.5,4.333333333333333,2.3333333333333335,1.5,4.666666666666667,2.0,3.5,mix
0YThUgMIgac,3.5,3.0,2.5,2.3333333333333335,2.3333333333333335,1.3333333333333333,1.8333333333333333,mix
0nAk-a4j7dE,5.5,5.166666666666667,4.5,4.166666666666667,4.5,1.0,3.3333333333333335,mix
11tm3fB0E2g,5.833333333333333,5.666666666666667,3.0,2.3333333333333335,4.666666666666667,1.0,3.5,mix
14kqmlI3G80,4.333333333333333,2.6666666666666665,1.6666666666666667,1.1666666666666667,5.833333333333333,1.1666666666666667,3.8333333333333335,masc
1RLA2K18riE,6.333333333333333,3.5,5.5,3.8333333333333335,3.3333333333333335,1.0,2.3333333333333335,fem
1cBoo3E5b3Y,5.0,4.333333333333333,2.8333333333333335,1.3333333333333333,4.833333333333333,1.8333333333333333,2.5,mix
1eojD029X8E,4.666666666666667,2.6666666666666665,4.833333333333333,3.0,4.333333333333333,1.1666666666666667,2.5,fem
1onOMfFae74,6.666666666666667,2.8333333333333335,5.833333333333333,6.333333333333333,2.6666666666666665,1.0,3.5,fem
1svuTm2KSiw,3.8333333333333335,3.3333333333333335,2.1666666666666665,2.1666666666666665,4.0,1.1666666666666667,3.3333333333333335,masc
1y538s1N3To,5.166666666666667,5.0,3.6666666666666665,1.8333333333333333,4.833333333333333,1.1666666666666667,2.3333333333333335,mix
1yH1AS7GGZU,4.833333333333333,4.666666666666667,4.5,3.1666666666666665,3.8333333333333335,1.1666666666666667,2.0,fem
2-m3SEGs0kM,4.741721854304636,4.576158940397351,2.814569536423841,2.728476821192053,3.4834437086092715,1.596026490066225,2.423841059602649,mix
26hYGh4SYX4,3.6666666666666665,3.6666666666666665,2.6666666666666665,2.0,3.6666666666666665,4.833333333333333,3.1666666666666665,masc
26jBFBmrmr4,1.8333333333333333,1.3333333333333333,1.3333333333333333,1.1666666666666667,5.0,5.0,3.8333333333333335,masc
27vHKP9QsqU,4.5,3.1666666666666665,3.3333333333333335,4.333333333333333,2.5,1.1666666666666667,1.6666666666666667,fem
2J7ZM8U9bw0,5.333333333333333,5.0,3.8333333333333335,2.0,5.166666666666667,2.3333333333333335,3.3333333333333335,mix
2KH0C36fKkk,5.0,2.3333333333333335,3.5,2.8333333333333335,3.3333333333333335,1.1666666666666667,2.0,fem
2LZjLBipdfI,5.5,3.6666666666666665,6.0,3.0,4.0,1.1666666666666667,3.0,fem
2dgTRykXw1E,5.0,2.6666666666666665,1.3333333333333333,1.5,6.5,1.6666666666666667,4.166666666666667,masc
2g5RT58wvMQ,5.333333333333333,3.1666666666666665,3.0,2.3333333333333335,4.0,1.0,4.0,fem
33BwTrRpbR0,5.333333333333333,3.6666666666666665,3.0,2.0,4.0,1.5,2.8333333333333335,fem
39QOYRNmfjg,5.166666666666667,4.0,2.6666666666666665,1.8333333333333333,4.5,1.1666666666666667,2.5,mix
3IT9g-IHkcE,3.7142857142857144,3.5714285714285716,2.5714285714285716,2.142857142857143,4.428571428571429,1.0,2.857142857142857,mix
3cZMIJq5gis,5.0,4.166666666666667,2.1666666666666665,2.6666666666666665,4.333333333333333,1.5,3.0,mix
3vqm0DO40gU,3.3333333333333335,2.0,2.8333333333333335,1.5,5.833333333333333,2.3333333333333335,3.8333333333333335,masc
3ysC1-foJT4,4.833333333333333,3.1666666666666665,4.166666666666667,2.6666666666666665,4.333333333333333,1.0,3.0,fem
42wqjpxHMdA,6.166666666666667,3.8333333333333335,4.333333333333333,3.6666666666666665,4.666666666666667,1.0,3.6666666666666665,mix
48EkYd1GFhY,5.166666666666667,4.666666666666667,2.6666666666666665,2.5,5.333333333333333,1.3333333333333333,4.833333333333333,mix
4Hl1wINuquM,6.0,5.5,4.333333333333333,3.8333333333333335,4.5,1.6666666666666667,3.1666666666666665,mix
4bLSlZyZRXc,4.142857142857143,2.857142857142857,3.142857142857143,2.2857142857142856,5.285714285714286,2.0,3.2857142857142856,masc
4e-j6uyqKxI,5.833333333333333,4.666666666666667,4.5,1.5,3.6666666666666665,1.0,2.3333333333333335,fem
4fMS076F8pU,5.333333333333333,2.8333333333333335,5.0,2.5,3.1666666666666665,1.1666666666666667,2.1666666666666665,fem
4ih5OAZKZQA,5.166666666666667,4.5,2.6666666666666665,2.1666666666666665,4.333333333333333,2.1666666666666665,3.1666666666666665,mix
5P9kXntCLPw,6.0,3.6666666666666665,4.833333333333333,2.6666666666666665,6.0,1.1666666666666667,4.0,mix
5PEpjVowR90,5.5,3.6666666666666665,2.5,1.6666666666666667,5.166666666666667,2.3333333333333335,4.166666666666667,masc
5RVqzWqVpME,5.833333333333333,5.666666666666667,4.166666666666667,3.0,3.8333333333333335,1.0,2.0,mix
5cU-BzR-fek,5.333333333333333,6.0,2.6666666666666665,2.1666666666666665,4.833333333333333,1.3333333333333333,2.0,mix
5cthvmrEpJ4,4.666666666666667,2.1666666666666665,3.1666666666666665,2.5,4.0,1.3333333333333333,4.5,masc
5fxq9sCyMqM,4.0,4.166666666666667,1.5,1.0,3.6666666666666665,1.0,1.6666666666666667,mix
5o0l0bpeTaQ,6.166666666666667,5.5,3.5,2.6666666666666665,4.833333333333333,1.0,2.8333333333333335,mix
6NL_inUJ-yE,4.833333333333333,2.8333333333333335,4.666666666666667,4.0,1.8333333333333333,1.0,1.5,fem
6Pv0_aeYoCE,4.833333333333333,3.0,2.5,2.6666666666666665,4.333333333333333,1.8333333333333333,3.8333333333333335,mix
6ZhSFjnUvBs,2.5,1.8333333333333333,1.6666666666666667,1.3333333333333333,5.166666666666667,4.5,4.166666666666667,masc
6cYp20jojU0,4.333333333333333,3.5,1.5,1.1666666666666667,3.6666666666666665,2.0,2.1666666666666665,mix
6q8reMr7gNA,6.0,3.5,3.8333333333333335,2.6666666666666665,5.0,1.0,3.8333333333333335,mix
6sKnzn9diL8,5.5,4.5,5.166666666666667,2.8333333333333335,3.8333333333333335,1.0,2.3333333333333335,fem
6yR2CgfoRbo,4.0,3.8333333333333335,3.5,3.0,2.1666666666666665,1.0,2.0,fem
705VQvekdx8,5.5,3.6666666666666665,4.666666666666667,4.333333333333333,2.3333333333333335,1.0,2.1666666666666665,mix
76xq8R9cEOI,4.2,4.2,2.6,1.4,6.0,5.2,3.6,masc
79j4Qnyb7dg,4.857142857142857,2.2857142857142856,3.7142857142857144,5.714285714285714,2.7142857142857144,1.0,2.857142857142857,mix
7V_e5xlmSqM,3.8333333333333335,3.5,2.3333333333333335,2.3333333333333335,4.833333333333333,1.3333333333333333,3.6666666666666665,masc
7ZEF-H-Cyno,6.166666666666667,6.5,2.6666666666666665,3.0,4.0,1.0,2.5,mix
7bB2elKsUFE,4.833333333333333,2.1666666666666665,4.833333333333333,5.666666666666667,2.0,1.0,1.3333333333333333,fem
84Q-XLh3fAY,5.5,4.5,4.5,2.8333333333333335,3.1666666666666665,1.0,2.8333333333333335,fem
87MVxvFBVqo,4.166666666666667,3.8333333333333335,3.1666666666666665,3.0,2.6666666666666665,1.0,2.3333333333333335,fem
8D5akawtCjg,4.333333333333333,2.8333333333333335,4.333333333333333,2.8333333333333335,3.0,1.0,1.6666666666666667,fem
8Dq2peBijDw,2.6666666666666665,2.0,1.8333333333333333,1.0,4.166666666666667,3.0,3.0,mix
8ZKSazAgj7Q,3.6666666666666665,1.6666666666666667,2.5,2.5,4.666666666666667,1.6666666666666667,3.6666666666666665,masc
8Zc4RGbyQ8g,4.0,4.333333333333333,2.5,2.1666666666666665,5.0,4.166666666666667,4.0,mix
8hm_SPwqUw4,5.166666666666667,2.5,4.666666666666667,3.0,3.5,1.0,1.5,fem
8lAb35KuYVw,4.333333333333333,2.1666666666666665,1.6666666666666667,3.3333333333333335,4.0,1.8333333333333333,3.6666666666666665,mix
8m1YNv41CKc,4.5,1.8333333333333333,3.6666666666666665,2.8333333333333335,3.0,1.1666666666666667,2.1666666666666665,fem
8on6Bja3ymY,5.0,3.1666666666666665,3.0,1.6666666666666667,5.166666666666667,1.6666666666666667,3.5,masc
8x2cXDumjKU,4.166666666666667,3.1666666666666665,4.0,4.166666666666667,2.1666666666666665,1.1666666666666667,1.8333333333333333,fem
8y6pDQTKjrk,5.333333333333333,5.833333333333333,4.166666666666667,2.8333333333333335,5.0,1.5,4.333333333333333,mix
9-RTErCdQCY,4.833333333333333,3.5,3.3333333333333335,1.8333333333333333,4.333333333333333,1.3333333333333333,1.8333333333333333,fem
90BHH9lni8o,4.5,3.0,2.5,1.6666666666666667,4.0,1.3333333333333333,3.0,masc
972oFsnpDmE,5.333333333333333,2.5,3.5,2.0,4.0,1.0,4.0,fem
9AVeLwg2LAw,5.0,3.8333333333333335,2.3333333333333335,1.6666666666666667,4.166666666666667,1.6666666666666667,3.5,masc
9CRrye6_oFo,3.5,2.0,1.5,1.6666666666666667,5.166666666666667,2.1666666666666665,3.1666666666666665,masc
9IDLZyqx-60,3.5,3.6666666666666665,2.5,1.3333333333333333,5.333333333333333,3.0,4.0,masc
9cy0NymlDV0,4.5,3.3333333333333335,3.5,4.0,3.1666666666666665,1.0,2.5,fem
9lIP11Pbu10,5.833333333333333,5.0,4.5,2.8333333333333335,5.5,1.1666666666666667,2.8333333333333335,fem
9rz8E3s3CUY,6.333333333333333,3.8333333333333335,5.0,3.6666666666666665,5.166666666666667,1.5,2.6666666666666665,fem
AB8ud4ogIvo,4.0,3.1666666666666665,4.666666666666667,3.5,2.8333333333333335,1.1666666666666667,1.8333333333333333,fem
AJKBKR6MPO0,5.333333333333333,2.8333333333333335,3.1666666666666665,4.0,3.1666666666666665,1.0,2.8333333333333335,mix
A_GQGfxzc6k,5.0,4.333333333333333,3.1666666666666665,2.8333333333333335,4.333333333333333,1.0,3.3333333333333335,mix
AoEBDS1OdQk,3.1666666666666665,2.1666666666666665,2.5,2.0,5.5,4.5,4.5,masc
AsBTxUxT8-I,3.5,4.166666666666667,2.1666666666666665,2.0,4.166666666666667,1.6666666666666667,3.3333333333333335,masc
B3O1NwkOOe4,5.5,3.6666666666666665,4.5,2.3333333333333335,4.333333333333333,1.0,3.6666666666666665,mix
B3koQlnaEL8,5.5,3.8333333333333335,5.333333333333333,4.833333333333333,3.3333333333333335,1.0,3.1666666666666665,fem
B4FsikjiUHA,5.0,3.1666666666666665,3.6666666666666665,3.3333333333333335,3.3333333333333335,1.1666666666666667,2.0,fem
BMSh7nl1pK8,4.166666666666667,2.5,3.6666666666666665,2.0,4.333333333333333,2.6666666666666665,3.0,fem
BS9a4CFppMo,4.333333333333333,1.6666666666666667,3.8333333333333335,4.5,2.3333333333333335,1.0,1.3333333333333333,fem
BohuEtYqfOA,3.5,4.0,1.5,1.1666666666666667,5.5,5.333333333333333,4.0,masc
Bqw_nmsQQy4,4.833333333333333,2.1666666666666665,2.3333333333333335,3.0,4.5,1.1666666666666667,4.0,masc
CN9qybFVIr8,6.0,5.833333333333333,2.8333333333333335,2.8333333333333335,5.833333333333333,1.1666666666666667,3.1666666666666665,mix
CcVTEKOG13o,4.166666666666667,3.6666666666666665,3.1666666666666665,2.6666666666666665,5.333333333333333,1.6666666666666667,4.0,mix
CfmWvEX_r7Y,6.0,4.666666666666667,3.6666666666666665,2.8333333333333335,4.833333333333333,1.1666666666666667,3.1666666666666665,mix
CpSWTA48JDQ,5.166666666666667,3.1666666666666665,4.833333333333333,4.166666666666667,4.0,1.8333333333333333,2.8333333333333335,fem
D9QZLIMKEno,5.666666666666667,4.166666666666667,3.6666666666666665,3.1666666666666665,5.0,1.1666666666666667,4.666666666666667,mix
D9qcmuxI4EI,4.666666666666667,3.1666666666666665,3.3333333333333335,2.3333333333333335,4.833333333333333,2.0,4.0,masc
DE15rbeNgLI,4.333333333333333,2.6666666666666665,3.8333333333333335,2.5,3.3333333333333335,1.0,2.3333333333333335,fem
DOO0-chRLHY,3.1666666666666665,1.8333333333333333,2.1666666666666665,2.0,3.8333333333333335,1.3333333333333333,3.0,masc
DPDwNEZJNJY,5.5,3.8333333333333335,3.5,2.8333333333333335,3.3333333333333335,1.0,2.8333333333333335,fem
DWi19R_1ugo,5.166666666666667,4.333333333333333,2.6666666666666665,2.0,6.166666666666667,2.0,2.8333333333333335,mix
DX5qdgEvdlc,5.0,3.4285714285714284,2.5,1.7857142857142858,5.642857142857143,2.2142857142857144,4.214285714285714,masc
DqQZSbSfQ6g,4.833333333333333,3.1666666666666665,3.8333333333333335,2.0,3.1666666666666665,1.0,2.3333333333333335,fem
DqU8fARtNFA,3.8333333333333335,2.1666666666666665,3.1666666666666665,3.5,3.1666666666666665,1.0,2.6666666666666665,mix
Drg9AMJCWRk,3.1666666666666665,2.5,1.8333333333333333,1.1666666666666667,5.0,3.5,2.8333333333333335,mix
Dvcp5sr5AcA,2.0,2.0,2.0,1.2857142857142858,4.428571428571429,3.5714285714285716,3.5714285714285716,masc
E8GschBoKMA,6.0,3.3333333333333335,5.5,6.166666666666667,4.166666666666667,1.3333333333333333,5.166666666666667,fem
EJv6cvvJshU,5.833333333333333,3.6666666666666665,3.3333333333333335,3.1666666666666665,4.666666666666667,1.0,2.1666666666666665,mix
ELVHeeDug4U,4.4,3.2,3.8,2.6,2.2,1.0,2.6,fem
ENjv1qKNS4A,5.333333333333333,2.6666666666666665,5.0,2.8333333333333335,4.333333333333333,1.1666666666666667,3.3333333333333335,fem
EPIML-8H-xY,3.0,2.6666666666666665,2.1666666666666665,1.8333333333333333,4.0,2.3333333333333335,3.5,masc
ERWmerxv2N0,5.166666666666667,3.1666666666666665,5.166666666666667,4.5,3.5,1.0,1.6666666666666667,fem
ET8_Ee5cQk4,3.8333333333333335,2.6666666666666665,2.5,1.6666666666666667,4.0,3.3333333333333335,3.0,masc
EXL8_DhTqNE,6.166666666666667,6.0,2.6666666666666665,1.1666666666666667,6.5,1.3333333333333333,3.6666666666666665,mix
EXVVcmoPCbA,5.333333333333333,6.166666666666667,2.6666666666666665,2.0,6.0,1.6666666666666667,3.8333333333333335,mix
Eej5_xQMdF0,5.0,3.5,5.166666666666667,4.5,4.5,1.0,3.8333333333333335,fem
EjxILHpT7I8,4.571428571428571,3.857142857142857,2.7142857142857144,1.7142857142857142,5.142857142857143,1.4285714285714286,3.7142857142857144,masc
EsoVjRdPCoU,5.0,3.1666666666666665,3.8333333333333335,4.833333333333333,3.5,1.0,3.6666666666666665,mix
Ex5ZhANd7z0,5.5,3.6666666666666665,3.5,3.5,3.6666666666666665,1.1666666666666667,2.8333333333333335,mix
ExJpDpg2T_A,4.0,1.5,3.1666666666666665,1.5,2.6666666666666665,1.1666666666666667,1.3333333333333333,fem
Ey3HojynMqM,3.8333333333333335,2.1666666666666665,2.6666666666666665,3.0,4.333333333333333,1.3333333333333333,3.5,mix
FLJARDSdGLM,5.833333333333333,5.333333333333333,3.6666666666666665,3.5,4.833333333333333,1.0,2.6666666666666665,mix
FYpPMELi0Co,4.833333333333333,2.0,4.5,3.1666666666666665,3.6666666666666665,1.0,3.3333333333333335,fem
FhyVUb25Ilc,2.6666666666666665,1.8333333333333333,2.3333333333333335,1.5,5.0,3.5,4.0,masc
FqGfNOYo0co,4.666666666666667,1.8333333333333333,3.1666666666666665,5.5,1.6666666666666667,1.0,1.8333333333333333,mix
FsItakNM2wI,4.833333333333333,4.666666666666667,2.0,2.3333333333333335,4.666666666666667,2.0,2.8333333333333335,mix
FvUgpHx9nKs,5.166666666666667,2.3333333333333335,4.666666666666667,3.1666666666666665,3.1666666666666665,1.1666666666666667,2.8333333333333335,fem
GGlOzSB1R-w,3.0,1.5,1.5,1.1666666666666667,4.833333333333333,3.1666666666666665,4.166666666666667,masc
GNLdz_GH8fs,5.5,2.3333333333333335,5.666666666666667,6.5,3.1666666666666665,1.0,3.0,fem
GUJ8PfvfQOU,5.333333333333333,3.3333333333333335,2.5,2.6666666666666665,4.666666666666667,1.3333333333333333,3.3333333333333335,mix
GXojZcA86Oo,6.0,2.6666666666666665,4.166666666666667,3.8333333333333335,3.3333333333333335,1.0,2.1666666666666665,fem
GvMmTsqExiw,5.333333333333333,3.5,4.666666666666667,4.166666666666667,3.8333333333333335,1.0,2.1666666666666665,fem
HCTfaQg1fzc,5.0,3.1666666666666665,4.166666666666667,3.3333333333333335,3.6666666666666665,1.0,2.8333333333333335,fem
HO-GyyhtDnA,3.4304635761589406,2.6357615894039736,2.0860927152317883,1.5894039735099337,4.874172185430464,3.4768211920529803,3.576158940397351,masc
HWp1y2cHrgo,4.571428571428571,5.142857142857143,3.4285714285714284,2.7142857142857144,3.4285714285714284,1.7142857142857142,2.0,mix
HjFgeL3bdeQ,4.125,3.25,2.875,1.875,4.375,1.5,2.5,masc
HkESWe-VmCw,3.8333333333333335,3.3333333333333335,2.5,2.3333333333333335,3.8333333333333335,1.6666666666666667,3.6666666666666665,masc
Hkae1vy8HPA,5.833333333333333,3.8333333333333335,4.666666666666667,2.5,5.666666666666667,1.0,3.8333333333333335,fem
HmN4c8UShsk,3.1666666666666665,4.333333333333333,2.6666666666666665,2.1666666666666665,4.833333333333333,2.5,3.5,masc
IBDL15WTewc,4.833333333333333,4.833333333333333,3.1666666666666665,2.6666666666666665,4.5,1.6666666666666667,1.6666666666666667,mix
IUMGZBXMi0M,3.5,2.8333333333333335,3.0,2.1666666666666665,4.666666666666667,2.3333333333333335,4.5,masc
Ig3eyG9baPw,4.333333333333333,4.166666666666667,2.6666666666666665,1.6666666666666667,4.333333333333333,2.0,2.6666666666666665,mix
IgiFNotHmKg,5.5,3.1666666666666665,4.333333333333333,3.3333333333333335,3.1666666666666665,1.0,2.8333333333333335,fem
Ik1vebgUXxA,5.166666666666667,4.5,2.5,1.8333333333333333,4.166666666666667,1.8333333333333333,2.3333333333333335,mix
InjI6hTzBNQ,5.714285714285714,5.857142857142857,3.7142857142857144,3.2857142857142856,4.0,1.2857142857142858,2.857142857142857,mix
J5HhmWTTGEM,5.833333333333333,2.3333333333333335,4.833333333333333,3.8333333333333335,3.3333333333333335,1.0,2.1666666666666665,fem
JBT_A2TyPCQ,5.166666666666667,2.6666666666666665,4.0,3.1666666666666665,4.166666666666667,1.0,3.0,mix
JGR4ryWa8u0,3.6666666666666665,3.0,3.0,2.6666666666666665,4.5,3.3333333333333335,3.8333333333333335,masc
JU2XXwkCav4,5.0,4.833333333333333,4.0,3.3333333333333335,4.333333333333333,1.5,4.5,masc
JUaDM8hQBqw,5.5,4.0,4.333333333333333,3.8333333333333335,2.8333333333333335,1.1666666666666667,2.6666666666666665,fem
JXF8t1yznCk,5.0,3.8333333333333335,1.6666666666666667,2.1666666666666665,4.333333333333333,1.6666666666666667,3.3333333333333335,mix
Jj-N2q3MRIc,5.0,2.8333333333333335,3.1666666666666665,2.0,2.6666666666666665,1.3333333333333333,1.8333333333333333,fem
Jq4T0dXB_60,4.833333333333333,4.666666666666667,1.6666666666666667,1.8333333333333333,4.333333333333333,1.1666666666666667,3.0,mix
Jw4UaI4irBA,2.0,1.1666666666666667,1.0,1.3333333333333333,5.5,2.1666666666666665,3.5,masc
K1T7llOr_VQ,6.0,4.0,5.666666666666667,5.666666666666667,3.0,1.0,2.3333333333333335,mix
K2JvLAtwVcY,2.8333333333333335,2.0,2.3333333333333335,1.3333333333333333,4.5,2.8333333333333335,4.5,masc
K8KoD8249XE,2.3333333333333335,2.0,2.0,1.5,3.6666666666666665,3.6666666666666665,2.3333333333333335,masc
KD1XHjYhvVU,5.833333333333333,5.166666666666667,4.166666666666667,3.6666666666666665,3.5,1.0,3.3333333333333335,mix
KJSFkldABdY,5.666666666666667,4.0,3.8333333333333335,3.0,4.666666666666667,1.6666666666666667,4.5,mix
KUif1Bpvyfk,4.333333333333333,3.3333333333333335,3.0,2.3333333333333335,4.333333333333333,2.5,3.1666666666666665,masc
KfDNYin9fDA,4.333333333333333,2.5,2.3333333333333335,2.0,4.666666666666667,1.0,3.3333333333333335,masc
Kgdwd6Pqip4,5.166666666666667,3.8333333333333335,3.8333333333333335,2.5,5.0,1.3333333333333333,4.666666666666667,mix
KpdJNeu2Y34,5.666666666666667,4.0,5.0,2.1666666666666665,5.166666666666667,1.1666666666666667,2.0,fem
KqXriV8Mi3Y,4.333333333333333,2.0,5.166666666666667,2.1666666666666665,3.0,1.0,1.6666666666666667,fem
KyAoy9PiJEk,5.5,4.333333333333333,3.0,2.1666666666666665,4.5,1.3333333333333333,2.8333333333333335,mix
Kz2v4QYRsBw,6.166666666666667,3.8333333333333335,5.5,5.666666666666667,3.5,1.0,4.333333333333333,mix
L90gLiPafb4,4.833333333333333,3.3333333333333335,3.3333333333333335,3.1666666666666665,3.5,1.1666666666666667,2.5,mix
LEmyGcnBMms,5.5,3.0,2.8333333333333335,2.6666666666666665,3.8333333333333335,1.1666666666666667,3.0,mix
LHZKQoaZMpY,5.0,2.6666666666666665,4.333333333333333,3.3333333333333335,3.3333333333333335,1.0,1.1666666666666667,fem
LVmmGDCgDu8,3.3333333333333335,3.0,2.6666666666666665,1.1666666666666667,5.666666666666667,4.833333333333333,4.666666666666667,masc
LW4UMSQNgpM,5.0,2.0,4.0,3.5,3.8333333333333335,1.6666666666666667,2.0,fem
LYVEt97fWLM,4.5,3.1666666666666665,3.3333333333333335,3.3333333333333335,4.0,1.1666666666666667,3.8333333333333335,mix
LZm_wAgLSFE,5.5,2.5,4.166666666666667,3.5,3.8333333333333335,1.0,2.8333333333333335,fem
L_k7TXQ2Tmw,5.833333333333333,4.833333333333333,3.8333333333333335,3.0,4.833333333333333,1.1666666666666667,3.6666666666666665,mix
Lb1VBf2Fykc,5.166666666666667,3.1666666666666665,3.6666666666666665,3.0,5.5,2.0,4.166666666666667,mix
LgDsU1GONwI,5.166666666666667,4.0,3.3333333333333335,2.8333333333333335,5.166666666666667,1.8333333333333333,2.6666666666666665,mix
LmmNeskIG-c,5.5,2.3333333333333335,2.0,1.3333333333333333,5.333333333333333,2.3333333333333335,4.833333333333333,masc
Lnbrdx2iNZQ,3.8333333333333335,4.0,2.8333333333333335,1.5,5.5,5.166666666666667,3.5,masc
LnsUJ5qlJi4,3.8333333333333335,2.5,2.6666666666666665,1.6666666666666667,5.5,3.1666666666666665,3.8333333333333335,masc
Lo_x8RN_x2Y,5.666666666666667,3.8333333333333335,3.5,3.6666666666666665,4.166666666666667,1.1666666666666667,2.6666666666666665,mix
Lt5lr8mebNY,3.6666666666666665,1.6666666666666667,1.5,2.1666666666666665,3.3333333333333335,2.0,2.0,masc
M-ErishbROk,5.0,1.8333333333333333,3.0,2.3333333333333335,6.333333333333333,1.1666666666666667,4.666666666666667,mix
M7FLctp7tMk,5.5,4.833333333333333,3.8333333333333335,3.0,4.0,1.1666666666666667,1.6666666666666667,fem
MUq2VCSi-bs,3.6666666666666665,3.5,3.0,2.0,2.8333333333333335,1.3333333333333333,3.3333333333333335,mix
MbDAn99yLwA,6.0,5.5,3.6666666666666665,2.6666666666666665,4.166666666666667,1.5,4.0,mix
Mjrbh-vceUE,4.833333333333333,2.0,4.166666666666667,4.166666666666667,2.5,1.0,2.0,fem
MzsYGbir9i4,4.333333333333333,5.5,2.0,2.0,4.5,1.8333333333333333,2.5,mix
NHcDF9wyXpM,4.333333333333333,4.333333333333333,2.6666666666666665,2.0,5.833333333333333,2.0,3.1666666666666665,mix
NLBZzszOhx0,6.125,4.875,5.375,4.625,3.875,1.0,5.625,mix
NOpz_7iEGD4,3.6666666666666665,1.5,3.8333333333333335,5.666666666666667,2.1666666666666665,1.3333333333333333,3.0,masc
NW9w3nKtjO4,5.5,3.3333333333333335,5.666666666666667,5.666666666666667,4.0,1.1666666666666667,3.0,fem
Njz2KfUZ36o,3.8333333333333335,2.5,2.3333333333333335,1.1666666666666667,6.166666666666667,2.8333333333333335,2.5,masc
Nvc5N3L3yjA,5.333333333333333,3.0,3.6666666666666665,2.8333333333333335,2.8333333333333335,1.0,2.3333333333333335,fem
O-h2PeR39PI,3.1666666666666665,3.0,2.1666666666666665,1.5,4.333333333333333,4.333333333333333,2.3333333333333335,masc
OdDQthpq2Xo,5.0,3.0,4.166666666666667,4.166666666666667,4.333333333333333,1.1666666666666667,4.0,fem
Or8zUkmZGNc,5.666666666666667,3.3333333333333335,3.8333333333333335,2.6666666666666665,5.666666666666667,1.0,5.333333333333333,mix
OrXJVDkRmis,5.0,4.166666666666667,2.3333333333333335,1.3333333333333333,4.333333333333333,1.6666666666666667,2.1666666666666665,mix
OxNe4IUIVk4,4.833333333333333,4.166666666666667,3.3333333333333335,1.5,4.0,1.0,1.8333333333333333,fem
P1TUfuacr-s,4.833333333333333,2.8333333333333335,2.3333333333333335,1.3333333333333333,4.833333333333333,1.1666666666666667,3.3333333333333335,mix
P2IVTQfNTmo,3.8333333333333335,3.6666666666666665,2.8333333333333335,1.1666666666666667,6.0,4.0,5.0,masc
PN1BbPGS_RQ,4.666666666666667,3.3333333333333335,3.6666666666666665,2.1666666666666665,5.0,1.0,2.1666666666666665,fem
PjA-VYesTtw,5.5,5.666666666666667,4.0,2.1666666666666665,4.333333333333333,1.0,1.6666666666666667,mix
PlFJmhRZsc8,3.8333333333333335,2.6666666666666665,2.0,1.3333333333333333,5.333333333333333,3.1666666666666665,3.3333333333333335,masc
PowcVq11vCg,4.166666666666667,3.3333333333333335,3.0,3.3333333333333335,4.0,1.0,4.666666666666667,mix
Q1OhEKfG4N0,3.8333333333333335,2.3333333333333335,3.3333333333333335,2.1666666666666665,2.5,1.8333333333333333,1.6666666666666667,fem
Q59nlktSIkw,5.333333333333333,3.6666666666666665,4.333333333333333,3.5,4.0,1.0,2.5,fem
QPABdbp7RFw,5.666666666666667,3.6666666666666665,4.666666666666667,3.3333333333333335,3.0,1.0,3.1666666666666665,fem
QV2snXd5ZlQ,4.5,3.5,4.5,2.5,5.0,1.8333333333333333,4.166666666666667,fem
QhM5cqvPfb0,6.0,4.166666666666667,2.8333333333333335,2.0,4.333333333333333,1.3333333333333333,4.333333333333333,mix
QjMA3hc_PVA,3.5,2.0,2.1666666666666665,2.0,2.8333333333333335,1.3333333333333333,2.0,fem
QqonAr7ajPg,5.5,4.666666666666667,2.1666666666666665,1.8333333333333333,5.5,1.1666666666666667,2.6666666666666665,mix
Qrt4cA5Te_Y,4.0,3.1666666666666665,2.8333333333333335,1.5,5.333333333333333,2.1666666666666665,4.333333333333333,masc
R3nQ2yAqag4,4.0,2.8333333333333335,3.1666666666666665,2.3333333333333335,2.5,1.0,1.6666666666666667,fem
RBB1cYpAFbc,3.8,2.6,2.4,2.4,4.8,1.6,3.6,mix
RIotfIo1Blc,5.5,4.5,3.8333333333333335,3.3333333333333335,4.166666666666667,1.1666666666666667,3.0,mix
RKhuCkwN-HQ,5.333333333333333,4.5,4.166666666666667,2.0,4.166666666666667,1.8333333333333333,2.1666666666666665,fem
RWhvhHg8JnU,5.0,2.1666666666666665,3.0,3.3333333333333335,2.8333333333333335,1.0,2.6666666666666665,mix
RcXaVTonC7c,3.8333333333333335,2.3333333333333335,1.8333333333333333,1.1666666666666667,5.0,1.8333333333333333,2.8333333333333335,masc
RuAaIaNv48k,5.833333333333333,6.0,3.1666666666666665,2.8333333333333335,5.833333333333333,1.6666666666666667,3.6666666666666665,masc
S6qGevXNPaw,4.833333333333333,4.0,2.8333333333333335,2.5,4.5,1.8333333333333333,3.8333333333333335,mix
S8Sob8gzlUg,5.0,4.0,3.0,1.8333333333333333,5.333333333333333,1.5,4.5,masc
SFDQWY3IQ6A,3.8333333333333335,3.0,2.6666666666666665,2.1666666666666665,4.5,1.3333333333333333,3.8333333333333335,mix
SGDKdsICiPE,3.6666666666666665,3.0,2.0,1.3333333333333333,4.166666666666667,3.8333333333333335,3.1666666666666665,masc
SLSo8iqFsFE,4.166666666666667,3.8333333333333335,1.3333333333333333,1.1666666666666667,4.833333333333333,1.5,1.3333333333333333,masc
SXkaG2VNqbE,4.333333333333333,2.0,4.333333333333333,3.6666666666666665,3.3333333333333335,1.0,2.5,fem
SeLZVNxsX2w,6.0,2.6666666666666665,3.3333333333333335,3.1666666666666665,4.166666666666667,1.1666666666666667,2.6666666666666665,mix
SlYasXQ36eE,5.333333333333333,4.833333333333333,2.5,1.6666666666666667,4.166666666666667,1.1666666666666667,2.6666666666666665,mix
T6oQFzxk8HU,3.4,2.0,2.2,1.8,3.8,1.2,3.2,masc
TFHBEkqysRU,3.3333333333333335,2.6666666666666665,1.5,1.3333333333333333,5.666666666666667,3.5,2.8333333333333335,masc
THOQ7SmlwJc,5.5,5.166666666666667,2.5,2.1666666666666665,5.333333333333333,2.3333333333333335,2.6666666666666665,mix
TLdsiPBq3IE,5.0,3.3333333333333335,2.8333333333333335,4.166666666666667,2.3333333333333335,1.0,2.3333333333333335,mix
Tk7PvxU93oA,5.333333333333333,4.833333333333333,4.166666666666667,2.6666666666666665,3.5,1.1666666666666667,1.8333333333333333,mix
Tubf9a3Asxw,4.333333333333333,3.1666666666666665,2.6666666666666665,2.8333333333333335,4.166666666666667,1.5,3.5,mix
Tv-pC4g9Tp8,5.5,3.5,1.8333333333333333,2.1666666666666665,5.0,1.1666666666666667,2.1666666666666665,masc
U8w09p6T8r4,3.5,2.8333333333333335,2.5,3.3333333333333335,2.8333333333333335,1.0,2.0,mix
UZCoc30OxOE,6.0,5.166666666666667,3.1666666666666665,2.1666666666666665,4.833333333333333,2.0,2.5,mix
UZI85fGTuAM,4.166666666666667,2.8333333333333335,3.3333333333333335,2.3333333333333335,5.833333333333333,1.5,4.666666666666667,masc
Uyp8N1f5Hrg,2.8333333333333335,2.5,1.5,1.3333333333333333,5.0,5.166666666666667,3.1666666666666665,masc
V5-Q-DY8WFM,4.333333333333333,3.0,4.166666666666667,1.8333333333333333,6.0,1.5,5.333333333333333,mix
VFXSd8qc7Xk,4.833333333333333,3.8333333333333335,2.8333333333333335,1.6666666666666667,5.0,1.5,4.166666666666667,mix
VIqv8YRVDuY,5.105960264900662,3.013245033112583,4.450331125827814,3.6821192052980134,3.1125827814569536,1.1390728476821192,2.4768211920529803,fem
VLM53mDZT4U,3.8333333333333335,3.1666666666666665,3.0,2.0,5.0,1.5,5.333333333333333,masc
VhOKmLf9JY8,3.5,4.333333333333333,2.3333333333333335,1.5,3.6666666666666665,1.1666666666666667,2.3333333333333335,mix
W8z5glKz39Y,3.3333333333333335,3.5,2.0,1.3333333333333333,5.0,4.0,3.1666666666666665,masc
WXom9NTISb8,2.8333333333333335,1.6666666666666667,1.8333333333333333,1.8333333333333333,6.5,3.6666666666666665,3.5,masc
WYtavoRz-Jc,2.6666666666666665,2.6666666666666665,2.3333333333333335,1.6666666666666667,5.333333333333333,4.833333333333333,3.8333333333333335,mix
WZr7t3DXYsA,4.833333333333333,4.166666666666667,3.5,2.3333333333333335,4.333333333333333,2.3333333333333335,1.8333333333333333,fem
WiZbb-QOStc,5.333333333333333,2.3333333333333335,4.166666666666667,4.333333333333333,2.3333333333333335,1.0,2.3333333333333335,fem
WkkrKcyoiA4,5.333333333333333,5.5,3.0,1.6666666666666667,3.6666666666666665,1.3333333333333333,2.5,mix
WnkUUi5AwQo,5.166666666666667,2.5,3.3333333333333335,2.5,4.166666666666667,1.1666666666666667,2.3333333333333335,fem
WroQbOL8Vpw,4.5,3.3333333333333335,3.8333333333333335,4.5,2.3333333333333335,1.1666666666666667,2.5,fem
XDf_J2ajI7Q,5.0,4.5,3.8333333333333335,3.1666666666666665,4.5,1.5,3.5,mix
XF6lXzF4ltI,5.0,3.3333333333333335,3.3333333333333335,2.8333333333333335,5.166666666666667,1.3333333333333333,3.1666666666666665,masc
XQ6Cm2sXveU,2.8333333333333335,2.3333333333333335,2.3333333333333335,1.5,5.5,2.6666666666666665,4.333333333333333,masc
XRclPERrLVc,2.8333333333333335,1.8333333333333333,2.5,1.3333333333333333,4.5,3.1666666666666665,3.1666666666666665,masc
XUpgpnqB5RA,4.333333333333333,4.166666666666667,2.6666666666666665,1.5,5.833333333333333,3.8333333333333335,4.666666666666667,masc
XcdNtsFiLi4,3.3333333333333335,2.1666666666666665,3.1666666666666665,2.1666666666666665,2.1666666666666665,2.8333333333333335,2.3333333333333335,fem
Xh-dQTJAaqE,4.5,3.3333333333333335,2.8333333333333335,2.3333333333333335,4.333333333333333,2.5,3.5,mix
XiHahyPA14A,2.6666666666666665,3.0,2.1666666666666665,1.3333333333333333,4.333333333333333,5.5,3.3333333333333335,masc
Xxw3AwS7_o8,3.3333333333333335,4.833333333333333,2.8333333333333335,1.5,4.5,2.8333333333333335,3.0,mix
Y2Skw39jGlQ,4.666666666666667,1.8333333333333333,2.1666666666666665,2.8333333333333335,3.5,1.1666666666666667,3.8333333333333335,masc
YOaA1JMpq-0,5.666666666666667,3.6666666666666665,4.5,5.0,3.5,1.6666666666666667,3.3333333333333335,fem
YX2Ozh9Msf0,3.8333333333333335,3.8333333333333335,2.6666666666666665,2.1666666666666665,4.5,2.1666666666666665,2.6666666666666665,masc
Y_TqObDvE24,4.333333333333333,2.5,3.8333333333333335,3.6666666666666665,2.8333333333333335,1.0,2.3333333333333335,fem
YlE0pteWuR8,4.5,4.333333333333333,2.5,3.1666666666666665,2.6666666666666665,1.5,1.6666666666666667,mix
YwJMELJf754,4.333333333333333,4.166666666666667,2.6666666666666665,2.0,4.166666666666667,1.3333333333333333,2.6666666666666665,mix
Z00vBKSQrgU,2.3333333333333335,2.5,1.8333333333333333,1.3333333333333333,4.333333333333333,4.166666666666667,2.1666666666666665,masc
Z3JQHGaRQ7I,5.166666666666667,3.5,2.3333333333333335,1.6666666666666667,5.5,2.5,4.166666666666667,mix
Z8klTI0cAiA,4.0,2.5,4.166666666666667,3.3333333333333335,3.1666666666666665,1.0,2.8333333333333335,fem
ZGYsE6m0YtY,5.333333333333333,3.3333333333333335,4.333333333333333,3.8333333333333335,3.3333333333333335,1.0,2.6666666666666665,fem
ZHYihxwUzbM,5.666666666666667,4.5,4.166666666666667,3.6666666666666665,4.5,1.5,3.3333333333333335,mix
ZNF7nCHCuEo,5.166666666666667,2.5,5.0,3.0,3.6666666666666665,1.0,3.5,fem
ZaWRrNOseg4,4.333333333333333,3.1666666666666665,3.0,2.0,3.5,1.1666666666666667,3.6666666666666665,mix
Zie8xaLG8_M,4.833333333333333,3.3333333333333335,2.6666666666666665,1.8333333333333333,4.5,1.3333333333333333,2.8333333333333335,masc
ZkKgHOgNKEU,3.8333333333333335,1.5,2.5,1.3333333333333333,5.333333333333333,2.3333333333333335,4.833333333333333,masc
Zl-50U1tsBM,3.198675496688742,2.384105960264901,2.1390728476821192,1.5430463576158941,4.9801324503311255,3.2582781456953644,3.5298013245033113,masc
_7-8YYf0dMA,6.0,2.5,4.666666666666667,3.0,4.833333333333333,1.0,2.3333333333333335,fem
_H9hUA0Ck8c,3.3333333333333335,3.5,1.8333333333333333,2.0,3.8333333333333335,1.3333333333333333,3.5,masc
_KXsBwbeaSY,4.833333333333333,3.0,2.1666666666666665,2.8333333333333335,2.1666666666666665,1.0,2.1666666666666665,mix
_KrfMdJMlDM,4.0,3.1666666666666665,3.6666666666666665,2.6666666666666665,3.5,1.1666666666666667,3.0,mix
_OzTx2Sushc,3.3333333333333335,1.6666666666666667,1.6666666666666667,1.5,3.8333333333333335,2.8333333333333335,3.3333333333333335,masc
_R2heFBQC_8,4.285714285714286,5.142857142857143,2.142857142857143,2.0,5.285714285714286,3.2857142857142856,3.857142857142857,mix
_XU5qHsC4Aw,5.0,3.3333333333333335,4.333333333333333,3.1666666666666665,4.166666666666667,1.3333333333333333,2.3333333333333335,fem
__5nKKCvOzk,3.3333333333333335,2.5,2.1666666666666665,2.0,3.6666666666666665,1.5,2.3333333333333335,masc
_kGMj1M8ko8,3.1666666666666665,1.8333333333333333,1.8333333333333333,1.5,3.3333333333333335,2.5,3.0,masc
_mWQG-4Sc2U,3.3333333333333335,2.6666666666666665,2.8333333333333335,1.6666666666666667,5.333333333333333,1.5,2.5,masc
_ob7euNGFxw,4.666666666666667,3.8333333333333335,3.8333333333333335,1.3333333333333333,3.3333333333333335,1.1666666666666667,2.5,fem
_quNZ5u2qag,4.833333333333333,2.3333333333333335,3.0,3.8333333333333335,2.8333333333333335,1.0,2.3333333333333335,fem
_tNKC2D_DK4,5.5,3.0,4.833333333333333,3.5,4.5,1.0,4.166666666666667,mix
a0L1IzEMQ_c,4.5,3.5,3.6666666666666665,3.1666666666666665,3.3333333333333335,1.5,1.3333333333333333,fem
a1F2Vm6lVNU,5.333333333333333,4.333333333333333,3.8333333333333335,2.0,3.8333333333333335,1.3333333333333333,2.1666666666666665,mix
aBARjvvUJMc,5.5,3.1666666666666665,4.833333333333333,4.333333333333333,3.0,1.0,3.1666666666666665,fem
aLk1Xh0z7qw,2.5,1.8333333333333333,1.5,1.3333333333333333,5.666666666666667,5.166666666666667,3.5,masc
aUOl_DWdEu8,5.666666666666667,3.3333333333333335,4.166666666666667,3.5,3.3333333333333335,1.0,2.3333333333333335,fem
aaHbR1KXwYM,4.5,3.0,2.8333333333333335,1.8333333333333333,2.8333333333333335,1.0,1.8333333333333333,fem
awK4jz6RWkU,4.5,2.6666666666666665,2.6666666666666665,3.0,3.8333333333333335,1.1666666666666667,2.3333333333333335,mix
bBSU7U9f98w,2.6666666666666665,1.5,2.8333333333333335,2.6666666666666665,2.1666666666666665,1.0,3.6666666666666665,mix
bEWuMC5K7vQ,5.666666666666667,3.3333333333333335,5.333333333333333,4.0,3.6666666666666665,1.0,2.0,fem
bKK1XQg2Y9o,4.333333333333333,4.833333333333333,2.6666666666666665,2.1666666666666665,5.166666666666667,1.6666666666666667,3.3333333333333335,masc
bP5Wlc0Na8w,5.5,3.5,5.5,3.0,4.333333333333333,1.0,4.0,fem
bbbGSR6NAo8,4.833333333333333,4.0,2.5,2.6666666666666665,3.1666666666666665,1.1666666666666667,2.1666666666666665,mix
bfDv-c9E_Is,5.0,3.8333333333333335,4.0,4.0,2.8333333333333335,1.1666666666666667,2.8333333333333335,mix
bkJxh88VNnc,5.0,3.3333333333333335,2.0,1.6666666666666667,4.333333333333333,1.5,3.6666666666666665,mix
bkRGPI3N-7k,5.5,4.0,3.1666666666666665,2.1666666666666665,5.833333333333333,3.6666666666666665,4.5,mix
bpKUFzL1qFM,2.8333333333333335,1.8333333333333333,1.6666666666666667,2.1666666666666665,2.1666666666666665,1.8333333333333333,1.6666666666666667,masc
c3lOglJbNMo,4.833333333333333,3.1666666666666665,4.5,1.6666666666666667,3.6666666666666665,2.0,3.3333333333333335,fem
c3vselA9ELQ,3.8333333333333335,3.5,1.8333333333333333,1.3333333333333333,5.333333333333333,4.166666666666667,3.8333333333333335,masc
c7zjMd_AlKo,5.8,3.0,3.0,3.4,5.0,1.0,3.8,mix
c9iawUthtNY,3.8333333333333335,3.6666666666666665,3.0,2.0,4.166666666666667,1.6666666666666667,3.5,mix
cYszuGaptkk,4.4635761589403975,2.9735099337748343,2.7019867549668874,2.251655629139073,4.2052980132450335,1.4569536423841059,3.2582781456953644,mix
cvvhKy1PFn8,3.6666666666666665,4.5,2.5,1.5,5.0,2.6666666666666665,3.6666666666666665,mix
cyc4PdMrf2k,5.666666666666667,2.5,4.166666666666667,1.8333333333333333,2.8333333333333335,1.0,2.5,fem
czj-OJr9gFs,4.0,3.6666666666666665,2.3333333333333335,2.6666666666666665,4.333333333333333,2.8333333333333335,3.8333333333333335,masc
d-jNkcovWPc,4.666666666666667,5.166666666666667,2.6666666666666665,1.8333333333333333,4.0,2.6666666666666665,2.6666666666666665,masc
d77iqD6bMHM,4.333333333333333,2.5,2.5,1.8333333333333333,3.0,2.1666666666666665,2.1666666666666665,fem
dItD6LO1ILc,4.666666666666667,4.166666666666667,3.3333333333333335,1.3333333333333333,4.166666666666667,1.1666666666666667,2.8333333333333335,mix
dNeLMKNiAN8,4.666666666666667,4.0,3.5,2.0,4.666666666666667,3.0,4.333333333333333,masc
daHsUZiM6p8,4.833333333333333,4.0,3.3333333333333335,2.0,4.666666666666667,1.8333333333333333,2.3333333333333335,mix
dmqgI4JCEuE,3.6666666666666665,2.1666666666666665,2.3333333333333335,1.0,6.0,2.5,3.5,masc
dp-qHTDVsLc,3.8333333333333335,2.1666666666666665,3.0,1.0,6.0,2.6666666666666665,3.6666666666666665,masc
e0CG3x4Z_fk,5.5,4.333333333333333,4.5,4.333333333333333,5.0,1.1666666666666667,4.166666666666667,mix
e18J2Z18Na4,5.0,2.0,2.1666666666666665,2.0,5.166666666666667,1.0,2.8333333333333335,mix
e2KvH1ZAX84,4.666666666666667,2.5,3.0,1.6666666666666667,6.666666666666667,1.6666666666666667,4.666666666666667,mix
e6CJ0qsyJjQ,5.166666666666667,2.3333333333333335,3.8333333333333335,3.0,2.3333333333333335,1.0,1.3333333333333333,fem
e7urnfBBh3M,6.0,4.666666666666667,2.6666666666666665,1.3333333333333333,5.166666666666667,1.0,2.6666666666666665,mix
eIUvtChuEs0,3.1666666666666665,2.3333333333333335,2.5,1.8333333333333333,5.666666666666667,2.0,4.833333333333333,masc
eL-YIdxfu3A,4.5,2.6666666666666665,4.166666666666667,4.0,3.3333333333333335,1.0,2.6666666666666665,fem
ebUStbjgKXE,4.0,2.1666666666666665,3.8333333333333335,3.6666666666666665,2.0,1.0,1.1666666666666667,fem
erLps-ZnGlc,3.6666666666666665,4.833333333333333,2.8333333333333335,1.5,4.5,3.3333333333333335,3.5,masc
esX6Xb_7WyM,5.666666666666667,2.1666666666666665,4.0,5.333333333333333,2.6666666666666665,1.0,2.0,fem
f-CA3IUQAWM,5.166666666666667,2.6666666666666665,4.666666666666667,3.3333333333333335,3.1666666666666665,1.0,3.6666666666666665,fem
f6C_P7xu2fc,6.166666666666667,3.3333333333333335,4.833333333333333,3.8333333333333335,3.1666666666666665,1.1666666666666667,2.0,fem
fCeIH4at49g,3.8333333333333335,4.5,2.3333333333333335,2.5,2.8333333333333335,1.0,1.5,mix
fD6rEoh-tPo,4.5,1.6666666666666667,3.8333333333333335,3.1666666666666665,2.3333333333333335,1.0,2.0,fem
fM1ARuVwYT4,3.5,2.6666666666666665,2.8333333333333335,2.8333333333333335,4.833333333333333,3.6666666666666665,3.5,masc
fV42vrfFvNs,5.833333333333333,3.6666666666666665,4.666666666666667,4.666666666666667,3.3333333333333335,1.1666666666666667,3.3333333333333335,mix
fd-TEgqVsXY,5.0,4.166666666666667,3.5,1.8333333333333333,4.833333333333333,3.0,3.3333333333333335,masc
feHcsAdEcbI,5.0,5.333333333333333,3.3333333333333335,1.8333333333333333,5.833333333333333,3.5,3.3333333333333335,masc
ffMiaRJmVio,6.0,4.666666666666667,2.5,2.1666666666666665,3.6666666666666665,1.0,2.0,mix
fg8ZTdpuV0I,6.0,4.5,3.1666666666666665,1.6666666666666667,4.833333333333333,1.0,2.6666666666666665,mix
fkd9m4Lc9W8,3.8333333333333335,2.5,3.1666666666666665,1.5,5.5,4.333333333333333,4.0,mix
flaRc0J0BwM,5.833333333333333,4.166666666666667,5.333333333333333,4.666666666666667,3.8333333333333335,1.1666666666666667,4.0,fem
fzr246eEV-E,4.166666666666667,2.3333333333333335,2.0,1.0,4.0,1.0,2.5,mix
g0DI5tPiPPM,4.333333333333333,3.0,4.5,3.8333333333333335,4.0,1.5,3.5,fem
gZwHQ9CGyJY,5.666666666666667,5.833333333333333,3.8333333333333335,1.5,6.0,2.5,3.3333333333333335,masc
hAiBmTJhhJs,4.5,2.8333333333333335,2.8333333333333335,3.5,3.1666666666666665,1.0,4.0,mix
hEIrqBhIbmk,5.5,2.8333333333333335,2.3333333333333335,2.1666666666666665,4.0,1.1666666666666667,3.3333333333333335,masc
hFcYHGRWPCY,5.833333333333333,4.166666666666667,4.833333333333333,5.0,5.666666666666667,1.0,5.5,mix
hNEvIimRhe8,5.166666666666667,3.0,2.6666666666666665,1.8333333333333333,5.333333333333333,2.3333333333333335,3.3333333333333335,masc
hS3bS7GksVk,5.0,4.0,2.5,2.5,4.833333333333333,1.3333333333333333,3.0,masc
hgORULxqBqU,5.0,3.0,3.6666666666666665,4.0,3.5,1.0,3.6666666666666665,mix
hrpsvMHAkDI,4.5,4.5,2.6666666666666665,2.0,3.8333333333333335,2.0,2.5,masc
htMLdB-qYr0,4.333333333333333,2.5,3.0,3.0,3.5,1.8333333333333333,2.6666666666666665,mix
hxpeslOcIIA,5.666666666666667,2.0,5.5,3.0,3.0,1.0,2.5,fem
i7zsJj3XgBc,5.333333333333333,5.0,3.8333333333333335,2.6666666666666665,4.0,1.0,2.3333333333333335,mix
iAdS053L7L0,4.0,4.166666666666667,2.3333333333333335,1.6666666666666667,5.0,3.0,3.0,masc
iQF1XSOxHcs,4.666666666666667,4.833333333333333,2.3333333333333335,1.8333333333333333,4.5,1.8333333333333333,3.0,mix
ijHYsEGGRRY,3.8333333333333335,3.5,2.3333333333333335,1.8333333333333333,4.5,2.0,3.0,mix
ipvWSzXXN14,4.833333333333333,3.8333333333333335,4.833333333333333,3.8333333333333335,3.5,1.3333333333333333,3.0,fem
isykm48MUPM,3.5,2.1666666666666665,2.6666666666666665,1.3333333333333333,4.166666666666667,3.5,2.5,masc
iwMf1aU3h2Q,5.0,3.0,3.8333333333333335,2.5,5.166666666666667,2.5,4.166666666666667,fem
ixaVqD1Yzls,4.0,2.1666666666666665,2.3333333333333335,2.0,4.666666666666667,3.1666666666666665,3.0,masc
izuCJwPgG-Q,5.666666666666667,3.8333333333333335,4.166666666666667,3.5,4.333333333333333,1.0,4.0,mix
jBIWrAAq-3Q,3.0,2.1666666666666665,1.5,2.3333333333333335,5.166666666666667,5.333333333333333,4.166666666666667,masc
jEtrbjHaZc8,3.6666666666666665,2.6666666666666665,2.1666666666666665,1.5,5.5,3.8333333333333335,4.333333333333333,masc
jJc3CUlCiOo,4.333333333333333,4.666666666666667,2.8333333333333335,2.5,4.833333333333333,2.1666666666666665,2.5,masc
jNW2XxPUDqc,5.833333333333333,3.8333333333333335,3.8333333333333335,2.1666666666666665,4.0,2.3333333333333335,3.0,fem
jYnVugDxErs,5.166666666666667,3.3333333333333335,4.333333333333333,2.6666666666666665,4.5,1.3333333333333333,3.3333333333333335,mix
j_4_Bw7FbR4,5.5,2.3333333333333335,5.0,4.166666666666667,2.6666666666666665,1.0,2.8333333333333335,fem
jg35mmYzh3I,5.0,3.3333333333333335,3.8333333333333335,2.8333333333333335,4.0,1.3333333333333333,3.5,mix
jk0uhPvBnaI,5.0,3.3333333333333335,3.3333333333333335,2.3333333333333335,4.166666666666667,1.3333333333333333,3.1666666666666665,masc
jltRPLHjR0o,3.1666666666666665,2.1666666666666665,2.3333333333333335,1.6666666666666667,3.6666666666666665,1.6666666666666667,2.5,mix
k0q5zWesa1k,5.166666666666667,3.0,3.8333333333333335,3.5,1.6666666666666667,1.0,3.0,fem
k8oFPfgOkzI,3.8333333333333335,1.6666666666666667,1.5,1.3333333333333333,4.166666666666667,2.5,2.6666666666666665,masc
kFkIC-XjFp0,4.909090909090909,4.454545454545454,3.8181818181818183,3.3636363636363638,3.6363636363636362,1.0909090909090908,1.9090909090909092,fem
kJUOvHAZmVk,4.333333333333333,3.6666666666666665,3.1666666666666665,1.6666666666666667,6.166666666666667,3.1666666666666665,3.3333333333333335,masc
kL9qia-G10g,3.3333333333333335,4.333333333333333,3.0,3.5,2.6666666666666665,1.1666666666666667,3.0,mix
kVGcmBU-GIQ,5.0,4.166666666666667,4.5,3.8333333333333335,4.666666666666667,1.3333333333333333,3.8333333333333335,fem
kb4Ga1tD3nk,2.8333333333333335,2.3333333333333335,1.8333333333333333,1.0,5.833333333333333,3.6666666666666665,4.333333333333333,masc
khGyyJuLSgU,4.666666666666667,2.1666666666666665,4.5,4.0,2.6666666666666665,1.0,2.3333333333333335,fem
l0DF8slvlls,5.666666666666667,3.0,4.333333333333333,3.0,3.5,1.0,2.5,mix
l4ipP3XnpDA,5.0,2.6666666666666665,5.0,5.666666666666667,3.1666666666666665,1.0,2.6666666666666665,fem
lH9eT078eJc,5.833333333333333,4.833333333333333,4.5,2.8333333333333335,4.5,1.1666666666666667,3.0,fem
lHmmtj8270k,4.428571428571429,2.857142857142857,4.142857142857143,4.0,2.857142857142857,1.1428571428571428,2.2857142857142856,fem
lKvRSLtbfrI,4.666666666666667,5.166666666666667,2.8333333333333335,3.3333333333333335,6.0,3.5,3.0,masc
lXEc9Oueszg,5.166666666666667,3.6666666666666665,3.5,3.0,4.0,1.3333333333333333,3.5,masc
laOxJUcIOdE,4.833333333333333,4.666666666666667,2.1666666666666665,1.3333333333333333,4.833333333333333,2.3333333333333335,3.1666666666666665,masc
lk2g6a0eS88,4.5,3.1666666666666665,2.6666666666666665,1.6666666666666667,3.6666666666666665,1.0,2.0,mix
lo68aakVEpc,4.333333333333333,2.1666666666666665,2.0,1.3333333333333333,6.0,1.0,3.3333333333333335,masc
lxHh_AJ0-jE,2.1666666666666665,2.0,1.1666666666666667,1.3333333333333333,3.8333333333333335,4.0,2.6666666666666665,masc
m12mtTl6eMc,3.8333333333333335,2.3333333333333335,3.3333333333333335,3.0,2.0,1.1666666666666667,2.1666666666666665,fem
m2fzOo3-Lq4,4.5,3.3333333333333335,2.5,2.5,4.0,1.1666666666666667,2.5,mix
mCexl35l7BQ,5.166666666666667,2.6666666666666665,3.8333333333333335,4.666666666666667,3.1666666666666665,1.3333333333333333,2.5,fem
mKBujFF2txY,3.8333333333333335,1.8333333333333333,2.3333333333333335,2.0,3.8333333333333335,1.1666666666666667,2.3333333333333335,masc
mMR_LTavLq4,5.0,3.8333333333333335,2.0,1.0,4.833333333333333,1.3333333333333333,2.8333333333333335,masc
mO1kljD_Aa4,4.666666666666667,4.5,3.5,2.8333333333333335,3.0,1.0,2.6666666666666665,mix
mPCh3D21qZE,4.0,2.2,2.8,1.8,4.4,1.4,4.4,masc
m_ILlDydHwk,3.8333333333333335,2.8333333333333335,2.5,2.1666666666666665,4.0,1.6666666666666667,3.3333333333333335,mix
mae-_KQhQ60,5.166666666666667,4.0,4.5,3.6666666666666665,3.6666666666666665,1.1666666666666667,2.3333333333333335,fem
mkap8fCTUKs,4.833333333333333,2.8333333333333335,3.1666666666666665,3.1666666666666665,2.8333333333333335,1.3333333333333333,2.8333333333333335,mix
mo3JXjRkl54,5.833333333333333,2.6666666666666665,3.0,3.0,5.0,1.1666666666666667,3.5,mix
mt9b5uwiq-w,3.6666666666666665,3.8333333333333335,2.3333333333333335,2.0,3.8333333333333335,2.3333333333333335,2.8333333333333335,mix
my2MceeTLxc,4.833333333333333,2.8333333333333335,4.0,2.6666666666666665,4.333333333333333,1.0,4.0,fem
n1YdT9RHvwU,4.666666666666667,2.5,4.166666666666667,2.3333333333333335,4.166666666666667,1.3333333333333333,2.5,fem
n2SA7dZQWyU,5.666666666666667,5.166666666666667,3.8333333333333335,3.0,4.333333333333333,1.1666666666666667,2.3333333333333335,mix
n33_dTKSLTo,5.666666666666667,2.3333333333333335,3.5,4.166666666666667,5.0,1.0,6.0,masc
nAX5Ib3h0bU,3.6666666666666665,2.5,2.1666666666666665,2.1666666666666665,4.333333333333333,2.1666666666666665,4.0,mix
nP-zU9Bn560,4.833333333333333,2.5,4.333333333333333,2.6666666666666665,2.6666666666666665,1.6666666666666667,3.0,fem
nbUOQ6gAudo,5.0,4.5,2.6666666666666665,2.0,4.833333333333333,2.5,2.8333333333333335,mix
ndzo2ZIWfiQ,5.666666666666667,2.6666666666666665,4.666666666666667,3.3333333333333335,4.333333333333333,1.5,3.3333333333333335,fem
oBedP34gnXw,4.571428571428571,3.0,2.0,2.2857142857142856,4.285714285714286,1.5714285714285714,3.4285714285714284,masc
oRr55oLW8Y8,5.333333333333333,4.5,4.166666666666667,3.1666666666666665,4.0,1.6666666666666667,2.8333333333333335,mix
oS3DzyBVp1s,4.666666666666667,3.1666666666666665,4.166666666666667,2.3333333333333335,4.0,1.1666666666666667,3.5,fem
oWFVKWZxhJU,6.0,4.833333333333333,3.6666666666666665,2.0,4.833333333333333,1.5,1.5,fem
oXkPfK4qEHQ,5.666666666666667,3.5,5.0,4.666666666666667,3.6666666666666665,1.0,3.1666666666666665,fem
odLNWTZGSyg,5.166666666666667,3.6666666666666665,4.0,2.6666666666666665,3.6666666666666665,1.0,2.0,fem
pBxyBLjr7sM,4.833333333333333,5.0,3.1666666666666665,2.3333333333333335,3.8333333333333335,1.0,1.5,fem
pTe7yJS0mqU,3.5,2.5,2.1666666666666665,2.0,3.8333333333333335,1.6666666666666667,3.1666666666666665,masc
p_6ua9LLqy0,6.6,4.8,3.6,3.2,4.2,1.6,4.4,mix
pmDUZFSQPKI,5.0,2.5,4.333333333333333,4.0,2.1666666666666665,1.0,2.0,fem
ptE7EHKWG50,6.166666666666667,4.666666666666667,4.666666666666667,4.0,5.5,1.3333333333333333,4.166666666666667,mix
q1S6UjO6rgQ,4.666666666666667,4.666666666666667,4.166666666666667,3.6666666666666665,4.5,1.6666666666666667,3.8333333333333335,mix
qLI0PnzmYKA,5.0,5.333333333333333,1.8333333333333333,1.3333333333333333,3.8333333333333335,1.3333333333333333,3.0,mix
qMYgXfbpM3E,4.666666666666667,3.6666666666666665,3.5,1.8333333333333333,6.0,2.5,4.333333333333333,mix
qkvhvZQW2rM,5.666666666666667,3.6666666666666665,4.0,3.0,4.333333333333333,1.0,3.5,mix
qqV8wfRzDrA,6.5,4.666666666666667,4.666666666666667,3.3333333333333335,5.0,1.1666666666666667,3.1666666666666665,mix
qymG5taSseY,5.166666666666667,3.1666666666666665,3.0,3.5,3.8333333333333335,1.6666666666666667,3.3333333333333335,fem
r8WRpcfMZ8I,5.833333333333333,2.0,5.333333333333333,2.3333333333333335,3.3333333333333335,1.0,1.3333333333333333,fem
rBnSfDaDVQI,2.5,2.1666666666666665,1.5,1.3333333333333333,4.333333333333333,4.0,2.6666666666666665,masc
rJkc-PV3my0,4.5,3.1666666666666665,3.8333333333333335,3.5,3.5,1.0,3.5,masc
rKe2vkFIUbY,3.3333333333333335,2.6666666666666665,1.8333333333333333,1.5,4.5,4.0,3.8333333333333335,masc
rjCh8YafGhQ,5.166666666666667,5.666666666666667,4.0,3.3333333333333335,3.6666666666666665,1.0,3.0,mix
rjylcwEXkPU,5.833333333333333,2.0,5.333333333333333,4.833333333333333,2.3333333333333335,1.0,2.3333333333333335,fem
rkmGVKQwMOA,5.0,3.5,3.5,2.8333333333333335,4.666666666666667,1.6666666666666667,4.833333333333333,masc
s-Q4sffZjo8,4.666666666666667,3.3333333333333335,3.8333333333333335,3.3333333333333335,5.0,1.8333333333333333,4.166666666666667,masc
s6K40WoEq78,3.5,1.6666666666666667,1.5,1.1666666666666667,4.833333333333333,2.8333333333333335,3.5,masc
s6YcdEEF2H4,4.0,2.5,2.1666666666666665,1.1666666666666667,4.166666666666667,3.5,2.8333333333333335,masc
s7Bws_0BJxs,5.333333333333333,4.0,4.333333333333333,2.6666666666666665,4.0,2.0,2.3333333333333335,fem
s8U8-dAaS0Y,4.166666666666667,2.6666666666666665,2.0,2.5,4.0,1.0,2.6666666666666665,mix
sP6RnFMqDnI,3.8333333333333335,3.0,2.6666666666666665,2.6666666666666665,4.333333333333333,1.1666666666666667,3.5,fem
sS_hpPzuLQ8,4.5,4.333333333333333,2.6666666666666665,2.6666666666666665,5.166666666666667,2.8333333333333335,3.5,masc
sbqlihZzH1w,4.166666666666667,2.5,3.8333333333333335,2.5,3.8333333333333335,1.3333333333333333,2.3333333333333335,fem
suodJ1Iq-kI,4.5,3.6666666666666665,4.5,2.0,4.166666666666667,2.0,2.8333333333333335,fem
sv3SUIunbL0,6.166666666666667,4.833333333333333,4.333333333333333,3.5,6.333333333333333,1.5,4.5,masc
sy-d6oJXqdE,4.666666666666667,5.666666666666667,2.1666666666666665,2.0,4.833333333333333,2.3333333333333335,3.6666666666666665,mix
t9Cmn8w36LI,5.333333333333333,3.6666666666666665,4.166666666666667,2.0,3.6666666666666665,1.5,2.0,fem
tDuM3Kd5fs4,6.333333333333333,6.0,4.5,3.5,6.0,1.1666666666666667,3.3333333333333335,mix
tKelI4U_y6Q,5.0,4.166666666666667,4.5,3.6666666666666665,4.0,1.1666666666666667,3.5,fem
tNru1d6XMuY,4.333333333333333,3.8333333333333335,2.8333333333333335,2.1666666666666665,4.666666666666667,1.1666666666666667,3.3333333333333335,mix
tRJRP6qUWiA,4.166666666666667,3.1666666666666665,2.1666666666666665,2.1666666666666665,4.166666666666667,1.5,2.3333333333333335,mix
tTmh2c2AtXw,4.0,2.1666666666666665,4.333333333333333,3.5,3.8333333333333335,1.0,2.1666666666666665,fem
tTn1rY6EC7M,5.0,3.0,2.8333333333333335,1.8333333333333333,4.0,1.1666666666666667,1.5,fem
tXrsSbHI0sQ,5.333333333333333,5.0,5.166666666666667,2.0,4.333333333333333,1.1666666666666667,3.0,fem
ta_v_mzbMTg,4.833333333333333,3.6666666666666665,5.0,3.0,4.166666666666667,1.8333333333333333,3.1666666666666665,fem
tqvV2uFPCfs,4.666666666666667,5.5,2.3333333333333335,1.1666666666666667,4.666666666666667,3.3333333333333335,2.6666666666666665,mix
ttsmGXduEb0,5.333333333333333,2.8333333333333335,4.166666666666667,3.8333333333333335,2.5,1.0,3.0,fem
tunMW9JZVCc,4.666666666666667,3.1666666666666665,3.6666666666666665,3.5,3.6666666666666665,1.5,3.6666666666666665,masc
tuovbTrSLvE,4.0,2.8333333333333335,2.3333333333333335,2.1666666666666665,4.666666666666667,1.8333333333333333,3.3333333333333335,mix
txLhZT3RoNk,5.166666666666667,3.3333333333333335,4.0,3.1666666666666665,3.3333333333333335,1.5,3.1666666666666665,fem
tyjlxbHsnuY,4.166666666666667,2.5,4.833333333333333,2.1666666666666665,3.0,1.6666666666666667,1.8333333333333333,fem
u0DskPo_-dQ,3.2,3.6,2.6,1.6,5.2,2.8,4.2,mix
uIpha8-eBes,5.666666666666667,6.0,3.8333333333333335,1.8333333333333333,4.5,2.0,3.5,masc
uL3HLM6cWCE,5.333333333333333,5.0,3.3333333333333335,2.1666666666666665,5.333333333333333,1.8333333333333333,4.166666666666667,masc
u_cbkgWZaM8,5.333333333333333,3.1666666666666665,4.166666666666667,1.8333333333333333,4.666666666666667,1.1666666666666667,4.0,fem
ulURkxonNpU,6.0,5.0,4.0,2.6666666666666665,5.333333333333333,1.6666666666666667,2.5,mix
upsuBoJQ6k4,2.3333333333333335,1.8333333333333333,1.6666666666666667,1.0,5.166666666666667,3.6666666666666665,3.1666666666666665,masc
vB9IIv6xHBI,6.0,4.333333333333333,4.666666666666667,2.5,4.0,1.1666666666666667,2.1666666666666665,fem
vFlpklOfoaI,4.833333333333333,2.6666666666666665,3.3333333333333335,4.5,3.0,1.3333333333333333,3.0,masc
v_nZmNvP9J4,4.833333333333333,4.833333333333333,4.166666666666667,2.8333333333333335,4.833333333333333,1.0,3.0,fem
vdWc1qLStAs,4.833333333333333,3.0,2.5,2.6666666666666665,4.833333333333333,1.1666666666666667,3.1666666666666665,mix
viov3zTevto,4.5,2.0,3.3333333333333335,2.8333333333333335,2.1666666666666665,1.0,2.1666666666666665,fem
vnkTkVvn4Yc,3.3333333333333335,4.0,2.1666666666666665,1.6666666666666667,3.8333333333333335,2.1666666666666665,2.6666666666666665,masc
w4zL859ehzU,5.0,3.6666666666666665,3.5,2.8333333333333335,3.8333333333333335,1.6666666666666667,2.3333333333333335,mix
wI1q70-bcQE,3.6,1.8,2.8,3.0,4.2,1.6,4.4,mix
wWt38u3ikbQ,3.3333333333333335,3.1666666666666665,2.6666666666666665,2.1666666666666665,4.166666666666667,2.3333333333333335,3.8333333333333335,masc
wdLUxu_OJh4,4.166666666666667,1.8333333333333333,3.8333333333333335,4.5,2.3333333333333335,1.0,3.6666666666666665,fem
wdLvKel9Cbo,4.666666666666667,3.0,3.8333333333333335,4.5,3.3333333333333335,1.3333333333333333,2.6666666666666665,mix
wdOfg3UPqzA,5.666666666666667,5.666666666666667,4.0,1.8333333333333333,3.3333333333333335,1.0,2.8333333333333335,fem
weHJ1rLykgs,4.5,3.1666666666666665,3.3333333333333335,2.1666666666666665,5.833333333333333,2.6666666666666665,3.1666666666666665,masc
wxbvq4A02uQ,4.833333333333333,3.5,3.0,4.333333333333333,2.6666666666666665,1.0,1.8333333333333333,mix
x1Vhqc54Sgs,5.333333333333333,4.666666666666667,3.0,2.1666666666666665,5.0,1.0,3.0,mix
x75PlcuAiNc,4.0,3.1666666666666665,2.8333333333333335,2.3333333333333335,4.0,1.0,2.5,fem
x85TYyRIRwU,5.0,2.5,5.0,2.5,4.0,1.1666666666666667,3.0,fem
xK9Miif2otY,4.666666666666667,4.833333333333333,2.3333333333333335,1.8333333333333333,3.8333333333333335,1.6666666666666667,2.5,mix
xNGvheoGSrE,6.0,4.833333333333333,4.666666666666667,2.6666666666666665,5.333333333333333,1.6666666666666667,4.666666666666667,mix
xbTNEkONzCo,4.0,3.3333333333333335,2.1666666666666665,2.1666666666666665,4.333333333333333,2.3333333333333335,3.8333333333333335,masc
xfIDBV2R5fw,6.666666666666667,5.0,4.666666666666667,3.6666666666666665,4.5,1.0,2.8333333333333335,mix
xmZqmEXulA4,4.5,1.8333333333333333,2.3333333333333335,2.0,5.166666666666667,2.0,4.5,masc
y6wJehV4tis,4.833333333333333,3.5,2.8333333333333335,2.1666666666666665,5.5,1.5,3.1666666666666665,mix
yJ0v0wuokZE,4.833333333333333,2.3333333333333335,2.5,1.5,3.6666666666666665,1.0,3.1666666666666665,mix
yQgb0LJUIlU,5.333333333333333,3.3333333333333335,4.0,4.166666666666667,2.0,1.0,2.0,mix
yRUiwRKk6QM,3.6666666666666665,3.8333333333333335,3.0,2.1666666666666665,5.166666666666667,1.6666666666666667,4.0,mix
yVNl_oSo7bI,5.833333333333333,3.1666666666666665,2.1666666666666665,3.6666666666666665,3.1666666666666665,1.0,2.8333333333333335,masc
ygXt9OPfzEE,6.0,4.166666666666667,4.833333333333333,3.1666666666666665,5.0,1.0,3.5,fem
yxkQMmtVeG8,6.0,4.0,4.333333333333333,2.1666666666666665,5.5,1.0,3.0,fem
yyyapflC9Wk,5.166666666666667,4.0,4.0,2.1666666666666665,3.3333333333333335,1.8333333333333333,2.3333333333333335,mix
z3Rub01-9J0,6.0,3.6666666666666665,4.666666666666667,5.166666666666667,3.0,1.3333333333333333,2.8333333333333335,fem
z8xZjjBKZI8,5.0,3.0,3.5,3.6666666666666665,3.1666666666666665,1.0,2.1666666666666665,fem
zNLbDvnYln0,5.833333333333333,4.666666666666667,4.666666666666667,4.333333333333333,3.6666666666666665,1.3333333333333333,2.5,mix
zaOUWigiEVM,1.5,1.8333333333333333,1.3333333333333333,1.3333333333333333,4.5,3.6666666666666665,4.166666666666667,masc
zabpEcBueg8,3.3333333333333335,2.8333333333333335,2.5,1.5,4.5,2.1666666666666665,3.6666666666666665,masc
zg1nAydNm_A,4.0,4.0,2.2,1.0,6.2,2.8,4.4,masc
zgYKLgKXZjQ,4.166666666666667,2.8333333333333335,3.1666666666666665,3.1666666666666665,3.0,2.5,3.5,mix
zmd44gV9raw,5.333333333333333,4.5,4.0,3.0,4.5,1.1666666666666667,2.8333333333333335,fem
zqvBh_9EQSc,4.5,3.5,2.5,2.0,4.666666666666667,1.3333333333333333,4.0,mix
