Electric/Acoustic,Distorted/Clear,Many Instruments/Few Instruments,Loud/Soft,Heavy/Light,High pitch/Low pitch,Wide pitch variation/Narrow pitch variation,Punchy/Smooth,Harmonious/Disharmonious,Clear melody/No melody,Repetitive/Non-repetitive,Complex rhythm/Simple rhythm,Fast tempo/Slow tempo,Dense/Sparse,Strong beat/Weak beat,prolific_id,stimulus_id
2,3,3,3,3,5,6,4,3,4,5,6,4,5,4,5ebd495e39fb6f017b95054a,Zl-50U1tsBM
3,7,7,2,7,1,6,2,5,5,5,7,5,7,5,612b5a2c55286e4cf74a63ee,VIqv8YRVDuY
3,5,3,3,3,5,3,2,3,3,3,3,3,3,2,5d4d9ea8c088850019ec5b32,Zl-50U1tsBM
5,5,3,5,5,3,3,5,5,5,5,3,5,3,5,5f29ed73209c1b1a178602e3,VIqv8YRVDuY
7,7,7,6,6,2,5,3,3,2,2,7,3,6,4,6284049591dc2c6570e93482,2-m3SEGs0kM
4,3,5,5,3,4,4,4,3,3,3,6,3,5,6,611a634c7e0e602c9a6b3ad1,HO-GyyhtDnA
3,3,3,2,2,5,3,3,5,3,3,2,2,2,2,6284049591dc2c6570e93482,Zl-50U1tsBM
5,6,1,3,3,6,6,4,7,7,1,7,3,1,1,5beab62b2bb2960001c9b288,Zl-50U1tsBM
5,4,3,3,4,5,4,3,4,5,4,5,4,2,3,6284049591dc2c6570e93482,cYszuGaptkk
5,5,6,6,6,2,3,3,2,2,3,5,3,3,3,611a634c7e0e602c9a6b3ad1,VIqv8YRVDuY
6,6,6,6,6,2,6,6,2,2,3,3,3,3,5,5f29ed73209c1b1a178602e3,pdzliNhlqWI
6,5,2,3,3,4,3,2,2,3,3,5,4,3,3,5fea2e6613597c51a166f24d,Zl-50U1tsBM
1,7,7,6,5,2,3,3,6,7,2,7,5,7,6,5beab62b2bb2960001c9b288,pdzliNhlqWI
7,6,2,6,6,4,2,6,2,3,2,3,3,5,6,5fc00a11268eb941e7d8b066,VIqv8YRVDuY
6,3,4,5,7,4,5,6,1,1,2,6,5,4,3,5fc00a11268eb941e7d8b066,pdzliNhlqWI
6,6,5,5,5,3,3,3,2,3,3,6,3,5,2,57a6891d8eccbc0001f39f89,2-m3SEGs0kM
3,2,5,3,2,3,3,4,3,3,6,5,3,2,3,5de0803843e90d0fcc462b13,Zl-50U1tsBM
5,6,2,4,7,2,3,5,2,2,7,2,3,2,5,60b7be9f5e3d9290ded3bedf,VIqv8YRVDuY
3,3,5,4,2,6,6,2,6,6,6,2,3,6,3,5de0803843e90d0fcc462b13,HO-GyyhtDnA
7,6,2,5,2,4,2,4,1,2,4,3,3,2,2,60b7be9f5e3d9290ded3bedf,Zl-50U1tsBM
5,3,3,6,5,4,3,6,3,3,5,2,5,2,4,60b7be9f5e3d9290ded3bedf,cYszuGaptkk
3,3,2,3,3,3,3,3,2,2,3,2,2,3,2,5d4d9ea8c088850019ec5b32,VIqv8YRVDuY
2,5,6,4,4,4,5,3,4,5,3,5,4,3,4,5ebd495e39fb6f017b95054a,HO-GyyhtDnA
2,3,5,3,2,6,7,2,6,7,2,5,3,1,2,608702d7661a76c56f62a02a,HO-GyyhtDnA
6,6,2,4,6,2,5,6,2,2,3,3,3,3,4,60c114f1542c86cb1e3e7c86,2-m3SEGs0kM
2,2,4,2,2,5,3,3,5,5,5,6,4,2,3,6284049591dc2c6570e93482,HO-GyyhtDnA
1,5,3,4,6,4,3,3,3,3,3,3,4,4,4,60c114f1542c86cb1e3e7c86,VIqv8YRVDuY
2,5,6,3,3,4,2,3,2,2,3,6,2,5,2,611a634c7e0e602c9a6b3ad1,Zl-50U1tsBM
5,6,6,6,6,2,3,3,2,2,1,7,3,5,2,611a634c7e0e602c9a6b3ad1,2-m3SEGs0kM
6,7,5,3,7,3,4,2,2,1,1,6,3,6,2,5fea2e6613597c51a166f24d,2-m3SEGs0kM
5,5,5,4,5,4,4,3,3,3,2,7,3,5,2,5c4afb7234ee9300011cbbfc,2-m3SEGs0kM
5,6,5,6,5,5,5,3,2,2,2,3,5,5,3,5ba11949a896050001d50742,pdzliNhlqWI
6,6,7,5,7,2,6,6,4,3,2,6,3,6,4,5961076cee166f00019591bf,2-m3SEGs0kM
6,6,6,6,6,2,4,3,6,7,7,6,6,6,6,5961076cee166f00019591bf,cYszuGaptkk
6,4,4,6,4,6,6,2,5,3,6,2,4,4,2,60b7be9f5e3d9290ded3bedf,HO-GyyhtDnA
2,2,5,4,3,5,5,2,4,4,6,6,6,6,6,601969ac51c0bc0556499ddd,Zl-50U1tsBM
4,4,4,4,4,4,4,3,4,4,4,6,4,6,4,601969ac51c0bc0556499ddd,cYszuGaptkk
4,7,6,7,7,4,7,5,3,3,2,6,4,5,6,601969ac51c0bc0556499ddd,2-m3SEGs0kM
7,7,1,2,7,4,7,1,1,1,7,7,4,2,1,5d432a9dfc19f8001a2964e7,pdzliNhlqWI
7,5,5,6,6,4,3,6,2,2,3,6,4,5,4,5b82e33f184f45000155f0ba,2-m3SEGs0kM
5,4,5,5,5,4,4,2,3,5,4,4,4,4,3,5b82e33f184f45000155f0ba,pdzliNhlqWI
2,2,4,2,2,6,4,3,7,7,4,4,3,3,6,5b82e33f184f45000155f0ba,HO-GyyhtDnA
4,6,6,6,7,3,3,5,3,5,6,1,3,6,6,6057810acf80d91784eb5b15,VIqv8YRVDuY
5,5,3,5,3,3,3,2,3,3,3,3,2,3,3,5d4d9ea8c088850019ec5b32,2-m3SEGs0kM
3,6,6,6,6,4,5,4,3,3,3,6,4,4,4,5ebd495e39fb6f017b95054a,cYszuGaptkk
5,3,5,3,2,5,3,2,5,5,5,5,5,5,5,5d4d9ea8c088850019ec5b32,cYszuGaptkk
4,5,6,4,5,4,3,4,4,7,7,7,4,7,7,5beab62b2bb2960001c9b288,VIqv8YRVDuY
6,6,6,6,6,2,3,6,2,2,3,5,4,5,6,5f29ed73209c1b1a178602e3,2-m3SEGs0kM
6,6,7,4,4,6,7,4,3,3,1,7,3,7,7,5beab62b2bb2960001c9b288,2-m3SEGs0kM
2,3,3,3,5,4,4,4,3,3,2,3,4,3,6,5c4afb7234ee9300011cbbfc,cYszuGaptkk
7,6,5,3,5,3,3,3,2,2,2,6,5,5,2,611a634c7e0e602c9a6b3ad1,pdzliNhlqWI
3,6,2,5,3,3,2,3,3,3,5,3,3,2,3,5f29ed73209c1b1a178602e3,Zl-50U1tsBM
4,4,4,4,4,4,4,4,4,4,4,4,4,4,4,5beab62b2bb2960001c9b288,HO-GyyhtDnA
3,2,6,5,5,2,5,5,5,5,5,3,3,3,5,5f29ed73209c1b1a178602e3,cYszuGaptkk
4,4,4,4,4,4,4,4,4,4,4,4,4,4,4,5beab62b2bb2960001c9b288,cYszuGaptkk
4,5,3,3,4,4,3,3,5,4,3,3,3,2,4,5c4afb7234ee9300011cbbfc,Zl-50U1tsBM
6,6,3,2,2,6,5,3,5,3,3,5,2,3,3,60c114f1542c86cb1e3e7c86,Zl-50U1tsBM
3,2,4,7,2,4,7,3,4,6,5,6,4,5,5,5fea2e6613597c51a166f24d,HO-GyyhtDnA
7,2,3,3,2,3,3,2,2,2,3,2,2,2,3,616823f4aacb6e9b1cde751c,Zl-50U1tsBM
3,5,5,4,5,3,4,3,4,4,4,3,4,6,3,5ea1950819664f04542a50bf,Zl-50U1tsBM
3,6,4,3,6,2,3,2,4,4,3,5,2,3,3,5b7924d8338a93000154ad21,cYszuGaptkk
2,3,3,1,1,5,3,2,5,5,3,3,3,3,3,5d4d9ea8c088850019ec5b32,HO-GyyhtDnA
3,5,6,6,5,6,6,2,3,6,2,5,6,5,2,608702d7661a76c56f62a02a,VIqv8YRVDuY
2,3,3,3,2,5,3,3,5,5,5,3,3,3,3,5f29ed73209c1b1a178602e3,HO-GyyhtDnA
6,4,4,5,6,3,3,2,3,2,3,3,4,5,3,6284049591dc2c6570e93482,pdzliNhlqWI
5,5,2,5,4,4,3,5,3,3,3,3,3,3,4,60c114f1542c86cb1e3e7c86,cYszuGaptkk
3,3,4,6,5,5,2,2,2,3,3,2,3,2,4,6284049591dc2c6570e93482,VIqv8YRVDuY
4,3,3,6,4,3,3,5,6,6,4,5,3,2,6,611a634c7e0e602c9a6b3ad1,cYszuGaptkk
1,3,5,4,5,3,2,3,4,3,3,5,3,4,5,5c4afb7234ee9300011cbbfc,VIqv8YRVDuY
2,5,5,4,5,4,5,3,4,3,2,5,3,4,3,5c4afb7234ee9300011cbbfc,pdzliNhlqWI
7,7,6,7,7,3,1,4,2,1,3,7,2,5,1,5ba11949a896050001d50742,2-m3SEGs0kM
6,3,3,2,5,4,3,6,3,3,3,5,4,4,3,60c114f1542c86cb1e3e7c86,pdzliNhlqWI
2,2,4,3,3,4,5,2,4,5,2,4,2,3,3,5c4afb7234ee9300011cbbfc,HO-GyyhtDnA
2,2,7,3,2,6,6,3,6,6,6,6,4,2,6,5961076cee166f00019591bf,HO-GyyhtDnA
6,3,2,7,5,4,4,5,3,5,5,6,4,3,7,5fea2e6613597c51a166f24d,cYszuGaptkk
5,5,1,3,3,7,6,3,3,5,7,2,3,1,5,5ba11949a896050001d50742,Zl-50U1tsBM
6,6,7,6,6,3,5,3,4,4,4,5,3,4,3,5ea1950819664f04542a50bf,VIqv8YRVDuY
4,3,3,3,3,5,2,2,6,6,6,2,3,2,3,5961076cee166f00019591bf,Zl-50U1tsBM
6,6,7,3,6,3,5,3,3,2,3,3,3,5,5,5961076cee166f00019591bf,VIqv8YRVDuY
6,6,6,3,3,3,5,2,5,5,5,5,3,5,3,5961076cee166f00019591bf,pdzliNhlqWI
3,6,3,4,6,3,4,3,3,3,6,2,4,3,4,5fea2e6613597c51a166f24d,VIqv8YRVDuY
6,7,3,5,5,3,5,3,3,5,5,3,2,3,2,5ba11949a896050001d50742,cYszuGaptkk
5,5,5,2,2,7,7,3,5,5,3,2,5,5,5,5ba11949a896050001d50742,HO-GyyhtDnA
2,4,3,4,5,3,3,5,3,2,2,6,4,3,6,5abc11e6e1099600016a3097,2-m3SEGs0kM
6,5,2,3,3,7,6,4,3,3,3,2,5,3,5,5bb0cc738f3bd70001e513e3,Zl-50U1tsBM
6,6,3,2,2,2,5,2,2,2,1,5,3,4,3,5bb0cc738f3bd70001e513e3,VIqv8YRVDuY
4,5,4,5,5,3,3,4,2,2,3,5,4,3,5,5abc11e6e1099600016a3097,pdzliNhlqWI
3,6,4,3,4,5,2,2,3,3,2,2,2,5,3,5d776e218a8d1d00166d36a6,Zl-50U1tsBM
4,4,5,2,2,6,4,4,6,6,4,6,4,3,6,56c65a5a305eaa0005f2a634,HO-GyyhtDnA
2,4,6,6,6,2,4,6,5,5,4,6,3,6,6,56c65a5a305eaa0005f2a634,VIqv8YRVDuY
5,6,6,6,6,6,3,2,3,2,3,4,5,3,6,58670dbe8596530001079a2a,VIqv8YRVDuY
5,6,4,5,6,3,5,6,2,2,5,5,3,3,5,58670dbe8596530001079a2a,pdzliNhlqWI
5,6,3,5,7,3,4,6,2,3,3,3,3,4,5,5e33e9b555c80a3b1a42693d,VIqv8YRVDuY
3,3,2,3,2,5,3,3,5,3,2,2,2,3,3,5e33e9b555c80a3b1a42693d,Zl-50U1tsBM
3,5,3,2,2,2,3,3,5,5,5,3,2,2,4,5b1840dfb6fe3d0001a1073d,cYszuGaptkk
2,3,6,6,7,3,5,3,2,4,3,7,3,6,3,5f4e117dbfcaa83f1b418976,pdzliNhlqWI
7,6,7,5,7,2,6,6,2,2,1,7,3,6,2,5f4e117dbfcaa83f1b418976,2-m3SEGs0kM
1,7,6,2,7,2,6,2,1,1,3,7,4,4,2,5fea2e6613597c51a166f24d,pdzliNhlqWI
2,1,6,3,6,1,6,6,2,2,1,6,3,5,3,616823f4aacb6e9b1cde751c,pdzliNhlqWI
3,3,5,3,3,6,5,4,5,6,6,5,5,6,6,5bb0cc738f3bd70001e513e3,HO-GyyhtDnA
2,2,4,4,4,3,5,3,4,4,3,5,4,3,4,5abc11e6e1099600016a3097,Zl-50U1tsBM
5,6,5,5,6,1,2,7,3,2,2,7,4,5,3,5d776e218a8d1d00166d36a6,2-m3SEGs0kM
2,6,5,4,3,4,5,5,5,4,5,3,3,3,5,58670dbe8596530001079a2a,Zl-50U1tsBM
5,6,7,6,4,2,4,2,2,3,2,6,4,3,5,58670dbe8596530001079a2a,2-m3SEGs0kM
3,7,6,5,6,2,7,1,2,3,2,3,3,5,2,615a17c90199096a5bbe0f48,pdzliNhlqWI
4,4,5,7,3,4,3,5,4,6,4,3,5,4,6,5f4e117dbfcaa83f1b418976,cYszuGaptkk
7,5,2,7,7,2,5,5,1,2,1,1,1,1,7,5efddc1317f23624a7380d36,VIqv8YRVDuY
7,7,7,3,6,1,7,5,1,1,2,5,3,6,5,5bb0cc738f3bd70001e513e3,2-m3SEGs0kM
4,5,5,3,3,5,3,3,3,6,6,6,3,3,6,5bb0cc738f3bd70001e513e3,cYszuGaptkk
2,3,3,6,5,4,5,3,4,3,4,4,4,3,6,5abc11e6e1099600016a3097,cYszuGaptkk
2,2,3,5,6,2,5,3,2,2,2,5,4,4,5,5abc11e6e1099600016a3097,VIqv8YRVDuY
6,6,3,6,7,3,3,3,4,3,5,5,3,4,5,5d776e218a8d1d00166d36a6,cYszuGaptkk
1,6,6,6,6,2,5,5,3,5,3,6,2,6,6,56c65a5a305eaa0005f2a634,2-m3SEGs0kM
2,6,6,5,6,2,4,4,4,3,2,6,3,5,4,56c65a5a305eaa0005f2a634,pdzliNhlqWI
1,5,6,6,3,5,5,2,5,4,3,4,4,3,5,58670dbe8596530001079a2a,HO-GyyhtDnA
3,4,6,6,2,5,5,3,3,5,6,4,4,5,5,58670dbe8596530001079a2a,cYszuGaptkk
3,3,2,3,5,3,3,5,2,3,2,4,3,4,4,5e33e9b555c80a3b1a42693d,cYszuGaptkk
6,3,2,6,2,5,5,2,2,6,2,3,2,2,5,616823f4aacb6e9b1cde751c,cYszuGaptkk
7,7,2,6,6,3,5,2,3,4,5,3,6,3,5,5ba11949a896050001d50742,VIqv8YRVDuY
6,3,5,7,3,5,7,5,2,2,2,5,3,3,3,616823f4aacb6e9b1cde751c,HO-GyyhtDnA
6,6,6,2,3,1,7,3,3,2,2,3,2,6,3,616823f4aacb6e9b1cde751c,VIqv8YRVDuY
7,7,6,7,7,2,7,7,1,1,1,7,2,7,7,616823f4aacb6e9b1cde751c,2-m3SEGs0kM
4,3,3,3,3,4,3,3,4,3,4,4,4,3,4,5abc11e6e1099600016a3097,HO-GyyhtDnA
3,7,5,5,6,2,5,1,1,1,3,5,3,3,1,5bb0cc738f3bd70001e513e3,pdzliNhlqWI
4,5,1,4,6,2,2,6,1,3,5,6,3,3,3,5d776e218a8d1d00166d36a6,VIqv8YRVDuY
2,5,3,2,6,2,3,6,3,2,6,3,3,3,2,5d776e218a8d1d00166d36a6,pdzliNhlqWI
3,2,3,2,2,6,5,2,6,5,4,5,5,3,3,5d776e218a8d1d00166d36a6,HO-GyyhtDnA
2,3,4,4,3,6,4,3,4,5,4,6,4,3,5,56c65a5a305eaa0005f2a634,cYszuGaptkk
5,4,4,2,2,6,3,2,4,5,4,6,3,2,4,56c65a5a305eaa0005f2a634,Zl-50U1tsBM
3,5,2,3,6,6,3,4,2,2,2,6,3,4,3,5e33e9b555c80a3b1a42693d,pdzliNhlqWI
6,4,4,5,6,6,5,4,2,2,2,6,3,6,2,5e33e9b555c80a3b1a42693d,2-m3SEGs0kM
6,3,2,6,2,5,5,2,5,7,3,4,4,3,3,5f4e117dbfcaa83f1b418976,Zl-50U1tsBM
3,6,6,6,7,2,3,3,3,6,5,5,3,6,3,5f4e117dbfcaa83f1b418976,VIqv8YRVDuY
4,5,4,3,3,5,4,3,5,4,2,4,3,3,4,5d692cf290cade0018695dfb,HO-GyyhtDnA
2,3,3,5,1,5,3,1,6,7,2,3,2,2,2,5f4e117dbfcaa83f1b418976,HO-GyyhtDnA
5,2,3,6,2,6,5,1,5,6,1,5,4,2,7,5efddc1317f23624a7380d36,HO-GyyhtDnA
5,5,5,3,5,3,3,3,3,3,2,6,3,4,4,60fd58f89d037589c34f5a18,pdzliNhlqWI
5,5,3,5,2,5,3,1,5,6,1,7,1,1,6,5efddc1317f23624a7380d36,Zl-50U1tsBM
5,5,5,5,6,3,3,2,4,3,2,3,3,5,4,60fd58f89d037589c34f5a18,2-m3SEGs0kM
4,4,4,5,4,4,5,4,4,4,4,5,4,4,5,59e4b3a1896cfc0001921095,cYszuGaptkk
5,7,6,4,7,3,4,5,3,3,3,4,5,5,4,5d692cf290cade0018695dfb,pdzliNhlqWI
7,7,7,7,7,1,7,7,2,2,2,7,3,7,6,60e41e3e8c52dca4b19a3487,2-m3SEGs0kM
4,6,6,7,7,2,5,6,2,2,2,6,3,6,6,60e41e3e8c52dca4b19a3487,pdzliNhlqWI
2,3,4,2,3,5,3,2,5,5,4,4,3,2,4,60fd58f89d037589c34f5a18,Zl-50U1tsBM
3,3,3,2,3,3,3,2,6,4,4,4,4,2,4,60fd58f89d037589c34f5a18,cYszuGaptkk
2,2,4,5,2,6,2,2,3,3,4,4,2,2,2,5810f69c7d3e6d0001df29a5,Zl-50U1tsBM
6,7,5,5,6,5,3,3,2,5,6,3,2,2,3,6128cc858ede754e70976dc9,VIqv8YRVDuY
3,5,2,2,3,4,2,1,2,3,3,2,2,3,1,6128cc858ede754e70976dc9,Zl-50U1tsBM
6,2,1,6,6,4,1,2,4,5,2,6,3,2,5,5be7752e66e3d1000103957f,Zl-50U1tsBM
4,1,4,7,6,6,7,4,5,7,4,6,4,6,5,5be7752e66e3d1000103957f,HO-GyyhtDnA
4,3,2,7,5,3,3,6,2,5,6,4,4,6,5,5a95d013f6dfdd0001ea60be,VIqv8YRVDuY
3,4,6,3,4,2,3,4,3,3,1,5,3,5,5,5a95d013f6dfdd0001ea60be,pdzliNhlqWI
5,6,5,5,5,4,2,3,2,3,5,6,4,4,3,6128cc858ede754e70976dc9,pdzliNhlqWI
4,3,4,4,4,4,4,3,4,4,4,4,4,4,4,5acb5910e1546900019c413a,cYszuGaptkk
4,3,1,5,4,6,4,4,2,3,3,4,3,2,2,60eacff7b678411f44e11a12,Zl-50U1tsBM
3,3,4,3,3,4,3,4,4,3,4,3,4,4,3,5acb5910e1546900019c413a,Zl-50U1tsBM
4,3,4,4,5,3,4,3,5,3,4,3,4,4,4,5acb5910e1546900019c413a,VIqv8YRVDuY
2,2,3,2,3,6,3,3,2,6,3,5,3,4,3,60eacff7b678411f44e11a12,HO-GyyhtDnA
3,2,4,3,3,4,4,3,4,3,3,4,4,4,3,5acb5910e1546900019c413a,HO-GyyhtDnA
5,4,4,4,5,5,3,5,5,5,5,3,3,3,3,5ec7b132b11a172266fd8915,cYszuGaptkk
6,7,5,4,3,2,3,5,3,3,4,6,2,3,3,60eacff7b678411f44e11a12,2-m3SEGs0kM
3,6,5,3,5,3,3,3,3,4,3,4,3,4,4,60fd58f89d037589c34f5a18,VIqv8YRVDuY
5,5,5,4,5,4,5,4,3,3,2,4,4,5,4,5d692cf290cade0018695dfb,cYszuGaptkk
3,2,5,4,2,4,3,2,2,5,4,3,4,3,2,6128cc858ede754e70976dc9,HO-GyyhtDnA
4,3,3,2,3,5,3,2,2,3,3,2,2,3,3,6128cc858ede754e70976dc9,cYszuGaptkk
6,5,6,5,6,3,6,6,2,3,1,6,2,5,2,6128cc858ede754e70976dc9,2-m3SEGs0kM
6,4,6,5,6,4,4,4,3,3,2,4,4,4,4,5acb5910e1546900019c413a,2-m3SEGs0kM
2,3,4,3,3,5,4,2,5,5,3,5,5,4,4,5ec7b132b11a172266fd8915,HO-GyyhtDnA
5,3,5,4,4,4,4,3,4,4,2,4,4,4,4,5acb5910e1546900019c413a,pdzliNhlqWI
6,5,5,5,5,3,3,3,3,3,3,5,5,4,4,5ec7b132b11a172266fd8915,pdzliNhlqWI
5,5,5,5,5,3,3,3,3,3,5,5,5,5,5,5ec7b132b11a172266fd8915,VIqv8YRVDuY
5,3,1,3,5,2,4,4,2,2,3,5,3,6,2,60eacff7b678411f44e11a12,VIqv8YRVDuY
7,7,2,6,7,3,2,6,1,1,1,5,1,3,2,5efddc1317f23624a7380d36,2-m3SEGs0kM
2,4,3,2,3,5,5,3,3,3,2,5,3,4,4,60e41e3e8c52dca4b19a3487,Zl-50U1tsBM
3,3,3,2,2,5,4,2,6,5,4,4,4,2,4,60fd58f89d037589c34f5a18,HO-GyyhtDnA
4,6,4,3,3,5,4,3,3,3,1,4,3,3,3,5d692cf290cade0018695dfb,Zl-50U1tsBM
3,4,5,5,7,3,3,4,4,3,3,4,4,5,4,5d692cf290cade0018695dfb,VIqv8YRVDuY
6,2,3,6,3,5,6,3,5,6,1,7,2,3,3,5efddc1317f23624a7380d36,cYszuGaptkk
7,6,7,4,6,2,5,5,3,3,2,4,4,5,4,5d692cf290cade0018695dfb,2-m3SEGs0kM
5,4,1,2,3,2,4,5,3,3,3,5,3,3,3,60eacff7b678411f44e11a12,pdzliNhlqWI
5,4,5,5,5,4,4,4,3,3,3,5,5,5,5,5ec7b132b11a172266fd8915,2-m3SEGs0kM
2,3,5,3,3,5,3,3,3,3,3,5,5,3,3,5ec7b132b11a172266fd8915,Zl-50U1tsBM
2,3,5,6,4,4,3,3,3,4,2,4,3,2,2,60eacff7b678411f44e11a12,cYszuGaptkk
4,4,4,4,4,3,5,4,3,4,5,5,4,5,5,59e4b3a1896cfc0001921095,Zl-50U1tsBM
5,3,2,5,4,4,5,5,3,5,4,5,3,4,5,5810f69c7d3e6d0001df29a5,cYszuGaptkk
6,1,3,7,6,3,4,6,3,6,3,4,5,3,6,5be7752e66e3d1000103957f,cYszuGaptkk
6,5,5,4,1,6,3,1,3,3,4,4,3,2,3,5810f69c7d3e6d0001df29a5,HO-GyyhtDnA
7,6,7,7,7,1,7,7,1,1,1,6,3,7,5,5be7752e66e3d1000103957f,2-m3SEGs0kM
6,3,1,6,4,2,5,4,5,6,4,3,4,2,6,5be7752e66e3d1000103957f,VIqv8YRVDuY
2,3,3,2,2,6,3,2,6,5,4,2,3,2,4,5e33e9b555c80a3b1a42693d,HO-GyyhtDnA
7,7,3,7,7,5,6,6,1,5,1,6,5,3,2,5efddc1317f23624a7380d36,pdzliNhlqWI
1,3,3,2,2,6,4,3,5,5,3,6,4,2,3,60e41e3e8c52dca4b19a3487,HO-GyyhtDnA
2,3,4,3,5,2,3,3,2,2,1,3,1,4,5,60e76a1d107aa8d3ccd3e37b,pdzliNhlqWI
6,6,5,7,7,6,4,3,3,2,2,5,3,7,5,5b1840dfb6fe3d0001a1073d,2-m3SEGs0kM
2,3,3,1,1,4,3,2,6,5,4,3,3,1,4,5b1840dfb6fe3d0001a1073d,HO-GyyhtDnA
5,3,5,5,3,6,3,3,3,6,6,5,5,3,5,5c5cad3e4ee81200018eafe2,Zl-50U1tsBM
6,6,3,5,6,5,3,4,6,6,5,3,3,5,6,5c5cad3e4ee81200018eafe2,VIqv8YRVDuY
2,2,3,5,3,5,3,2,6,4,5,3,2,3,5,5e979756281ba326b104d3e8,cYszuGaptkk
4,6,3,4,4,4,5,5,4,3,3,5,2,3,4,60e41e3e8c52dca4b19a3487,cYszuGaptkk
2,7,3,6,7,1,5,6,4,3,2,6,3,6,6,60e41e3e8c52dca4b19a3487,VIqv8YRVDuY
3,6,6,5,6,6,6,6,2,2,2,3,3,3,1,5eb463628b63a22bad15771c,2-m3SEGs0kM
5,6,3,5,5,3,5,2,2,2,2,6,5,3,3,5eb463628b63a22bad15771c,pdzliNhlqWI
6,6,5,6,6,4,2,2,2,2,3,2,1,4,2,573dbfc9cc30e7000dc57410,2-m3SEGs0kM
3,6,5,6,6,2,5,2,5,5,4,2,5,3,4,5eb463628b63a22bad15771c,VIqv8YRVDuY
6,6,6,7,5,2,3,6,2,2,3,6,4,6,6,60ed501279c68ea1a313d0aa,2-m3SEGs0kM
2,3,2,1,1,6,6,3,5,6,4,3,3,3,3,5eb463628b63a22bad15771c,Zl-50U1tsBM
6,6,2,3,6,4,2,2,2,2,4,2,2,4,2,573dbfc9cc30e7000dc57410,VIqv8YRVDuY
2,4,5,2,5,3,3,2,3,2,3,3,2,4,2,573dbfc9cc30e7000dc57410,pdzliNhlqWI
1,3,5,1,1,7,7,2,3,4,3,6,2,1,3,5f0cfeef098f1e53ff201909,HO-GyyhtDnA
2,3,5,5,5,4,5,3,3,4,2,4,3,5,4,5be7752e66e3d1000103957f,pdzliNhlqWI
2,6,3,3,5,6,4,3,3,5,5,3,3,5,4,5b1840dfb6fe3d0001a1073d,VIqv8YRVDuY
6,6,6,5,6,6,7,3,3,2,5,6,6,5,3,5c5cad3e4ee81200018eafe2,2-m3SEGs0kM
3,2,5,5,4,5,6,5,7,6,6,5,6,5,7,5c5cad3e4ee81200018eafe2,cYszuGaptkk
6,6,6,7,7,2,5,4,2,2,2,6,5,5,2,5e979756281ba326b104d3e8,pdzliNhlqWI
6,6,5,6,7,6,6,3,3,3,6,5,3,4,3,5c5cad3e4ee81200018eafe2,pdzliNhlqWI
5,6,2,6,7,2,2,6,1,1,3,2,4,3,5,5e979756281ba326b104d3e8,VIqv8YRVDuY
5,6,6,6,7,1,6,5,3,1,1,5,4,5,2,5e979756281ba326b104d3e8,2-m3SEGs0kM
2,1,7,4,3,5,7,4,7,7,4,3,4,4,4,5ea1950819664f04542a50bf,HO-GyyhtDnA
4,1,7,6,5,4,4,3,3,3,4,4,4,4,3,5ea1950819664f04542a50bf,cYszuGaptkk
5,7,7,6,7,3,7,4,3,4,4,5,4,4,3,5ea1950819664f04542a50bf,2-m3SEGs0kM
4,7,7,6,7,2,4,2,4,3,4,6,4,5,2,5ea1950819664f04542a50bf,pdzliNhlqWI
2,4,5,2,2,5,4,4,5,5,4,4,2,4,4,573dbfc9cc30e7000dc57410,HO-GyyhtDnA
2,3,5,3,5,3,4,3,4,4,4,5,2,3,3,573dbfc9cc30e7000dc57410,cYszuGaptkk
2,4,3,3,3,3,2,1,1,1,2,3,3,3,1,5f033543945c554f816f6ad7,Zl-50U1tsBM
1,6,5,1,1,6,6,1,3,2,1,6,1,1,3,5f0cfeef098f1e53ff201909,Zl-50U1tsBM
6,6,2,5,5,2,4,5,2,3,3,5,3,3,3,5f033543945c554f816f6ad7,VIqv8YRVDuY
6,2,3,3,4,6,5,3,4,3,4,5,4,5,4,60ed501279c68ea1a313d0aa,Zl-50U1tsBM
2,7,6,5,6,6,5,2,2,2,3,3,3,5,2,5b1840dfb6fe3d0001a1073d,pdzliNhlqWI
3,5,2,2,2,5,4,2,3,5,4,3,3,2,3,5b1840dfb6fe3d0001a1073d,Zl-50U1tsBM
3,1,3,3,2,6,5,5,7,7,5,4,3,3,6,5c5cad3e4ee81200018eafe2,HO-GyyhtDnA
1,2,5,3,2,3,6,1,6,6,3,6,3,3,4,5e979756281ba326b104d3e8,HO-GyyhtDnA
4,1,2,2,1,6,2,2,6,3,3,3,2,1,3,5e979756281ba326b104d3e8,Zl-50U1tsBM
3,3,6,5,5,3,3,4,3,3,4,5,4,5,3,60ed501279c68ea1a313d0aa,pdzliNhlqWI
5,3,3,4,3,6,5,4,5,5,4,3,4,3,3,60ed501279c68ea1a313d0aa,HO-GyyhtDnA
6,6,2,2,3,4,3,2,2,2,4,2,2,4,2,573dbfc9cc30e7000dc57410,Zl-50U1tsBM
2,4,4,2,6,4,4,3,3,4,4,3,2,4,4,60e76a1d107aa8d3ccd3e37b,Zl-50U1tsBM
2,5,6,4,6,2,3,2,4,3,2,4,2,4,4,60e76a1d107aa8d3ccd3e37b,cYszuGaptkk
4,4,4,3,3,4,3,2,4,3,2,4,3,3,3,5f5949feb6149f1932dbfcfc,Zl-50U1tsBM
3,3,3,4,4,2,3,3,4,2,2,2,2,3,2,5f5949feb6149f1932dbfcfc,2-m3SEGs0kM
2,2,3,3,3,5,5,3,4,5,5,3,3,3,3,608727ded1b6b85975bbf14d,Zl-50U1tsBM
4,6,4,5,6,4,4,3,2,4,4,6,4,5,4,5ebebcf619a604258a233c4f,pdzliNhlqWI
6,7,6,5,5,2,4,6,3,3,4,5,3,6,3,60ed501279c68ea1a313d0aa,VIqv8YRVDuY
3,3,5,3,3,6,5,3,4,4,3,5,5,5,4,5eb463628b63a22bad15771c,cYszuGaptkk
2,4,3,3,2,6,6,2,5,5,3,6,5,1,7,5f0cfeef098f1e53ff201909,cYszuGaptkk
1,2,3,1,1,6,5,3,6,6,6,5,5,3,4,5eb463628b63a22bad15771c,HO-GyyhtDnA
6,6,6,4,6,2,6,4,2,2,1,4,4,6,1,5bd0a57f446a8e0001204390,2-m3SEGs0kM
1,1,5,3,1,6,5,3,6,7,4,1,2,1,4,5fcf5ad1347ca200086dd547,Zl-50U1tsBM
4,5,5,5,5,3,5,5,3,3,4,5,5,5,5,59e4b3a1896cfc0001921095,pdzliNhlqWI
1,3,3,3,3,2,2,3,2,2,3,3,3,4,2,5f033543945c554f816f6ad7,cYszuGaptkk
3,5,4,4,3,5,3,3,5,6,6,3,3,4,4,61435b26170aa14747574253,Zl-50U1tsBM
2,3,3,4,2,6,4,2,3,5,2,6,1,3,1,5bd0a57f446a8e0001204390,Zl-50U1tsBM
3,6,2,5,7,2,3,3,3,2,5,5,4,5,5,5fcf5ad1347ca200086dd547,VIqv8YRVDuY
6,5,6,6,6,3,5,6,2,3,3,5,4,4,5,61435b26170aa14747574253,2-m3SEGs0kM
6,7,6,3,5,2,3,1,1,1,3,4,3,4,1,5f033543945c554f816f6ad7,pdzliNhlqWI
6,7,7,6,7,1,7,5,2,1,1,6,2,7,2,5fcf5ad1347ca200086dd547,2-m3SEGs0kM
4,5,3,5,3,5,4,3,3,6,2,2,1,2,2,5bd0a57f446a8e0001204390,cYszuGaptkk
7,2,2,6,6,6,4,6,4,5,5,2,3,4,3,60ed501279c68ea1a313d0aa,cYszuGaptkk
7,7,6,7,7,1,7,1,1,1,1,7,3,6,6,5f0cfeef098f1e53ff201909,2-m3SEGs0kM
5,7,5,3,5,5,6,2,1,1,1,7,5,3,1,5f0cfeef098f1e53ff201909,pdzliNhlqWI
3,6,5,3,3,4,3,5,3,3,3,5,5,5,2,61435b26170aa14747574253,cYszuGaptkk
1,2,3,2,2,6,6,4,6,6,3,5,5,4,4,5f033543945c554f816f6ad7,HO-GyyhtDnA
6,6,6,2,5,6,2,6,2,3,3,5,5,7,3,61435b26170aa14747574253,pdzliNhlqWI
2,4,6,4,2,6,6,4,3,6,2,2,3,2,4,5bd0a57f446a8e0001204390,HO-GyyhtDnA
2,3,2,2,5,4,1,2,1,2,6,2,3,3,3,6136503d70302c9d1aa894f4,VIqv8YRVDuY
5,7,6,3,7,5,3,5,2,2,2,7,6,6,6,60b60d67bbc65b38b155536e,pdzliNhlqWI
4,3,5,2,2,6,4,3,4,4,3,3,2,3,4,60e76a1d107aa8d3ccd3e37b,HO-GyyhtDnA
3,6,3,3,3,1,1,1,1,1,1,2,1,2,1,5f5949feb6149f1932dbfcfc,pdzliNhlqWI
4,6,3,3,4,3,3,3,3,3,3,4,3,3,3,5f5949feb6149f1932dbfcfc,VIqv8YRVDuY
5,6,2,5,5,4,3,3,3,5,4,6,4,5,6,5ebebcf619a604258a233c4f,VIqv8YRVDuY
6,5,6,3,7,2,6,2,2,2,2,7,3,6,4,608727ded1b6b85975bbf14d,2-m3SEGs0kM
2,5,2,4,3,6,5,3,5,5,5,3,2,2,3,61435b26170aa14747574253,HO-GyyhtDnA
1,1,2,1,1,7,7,3,5,6,5,4,3,1,2,5fcf5ad1347ca200086dd547,HO-GyyhtDnA
3,3,5,5,5,2,5,6,1,1,1,6,3,4,2,5f033543945c554f816f6ad7,2-m3SEGs0kM
2,6,5,4,5,3,5,3,2,3,2,3,3,6,2,5bd0a57f446a8e0001204390,pdzliNhlqWI
5,6,4,3,4,4,3,3,2,2,1,2,2,5,5,60e76a1d107aa8d3ccd3e37b,VIqv8YRVDuY
4,4,3,2,5,5,4,3,2,3,1,2,2,4,3,60e76a1d107aa8d3ccd3e37b,2-m3SEGs0kM
3,2,5,5,6,3,5,5,2,3,3,6,3,6,4,608727ded1b6b85975bbf14d,VIqv8YRVDuY
5,2,2,5,4,4,3,5,3,3,4,4,4,4,5,5ebebcf619a604258a233c4f,cYszuGaptkk
2,2,3,5,3,5,5,4,4,5,4,5,4,5,4,608727ded1b6b85975bbf14d,cYszuGaptkk
4,3,2,4,4,4,4,3,4,5,3,4,3,3,4,5ebebcf619a604258a233c4f,Zl-50U1tsBM
1,7,6,7,7,2,3,6,3,3,1,6,5,5,5,5f8394cdd4459c14c000697e,pdzliNhlqWI
1,2,5,3,2,3,6,5,4,3,2,5,3,3,4,5f8394cdd4459c14c000697e,Zl-50U1tsBM
2,7,3,3,3,5,5,3,5,6,6,3,5,5,5,6151e69a392433707e7a9dfb,HO-GyyhtDnA
3,5,2,3,7,3,2,3,2,2,3,4,3,4,3,5fcf5ad1347ca200086dd547,pdzliNhlqWI
4,4,4,3,4,2,4,4,4,4,2,4,4,4,4,5f5949feb6149f1932dbfcfc,cYszuGaptkk
3,3,4,3,3,3,3,3,4,4,4,4,4,4,4,5f5949feb6149f1932dbfcfc,HO-GyyhtDnA
4,6,4,5,4,5,4,4,4,7,4,4,4,4,4,608727ded1b6b85975bbf14d,HO-GyyhtDnA
5,3,4,6,2,6,6,3,5,6,5,4,5,4,4,5e597bc019aafc0628150c78,HO-GyyhtDnA
1,3,5,4,3,6,6,5,3,4,2,4,3,4,3,5f8394cdd4459c14c000697e,HO-GyyhtDnA
6,7,3,6,1,6,6,3,1,2,3,2,5,5,3,5e597bc019aafc0628150c78,Zl-50U1tsBM
2,7,5,2,6,2,6,2,5,1,1,7,3,2,3,5e4761e624b17f2239a6473a,pdzliNhlqWI
7,7,7,7,7,2,6,6,6,5,7,5,6,6,6,6151e69a392433707e7a9dfb,VIqv8YRVDuY
5,7,2,2,2,1,2,3,4,4,1,2,2,3,3,5fae21a54a4443270635904c,Zl-50U1tsBM
6,7,5,3,6,3,6,2,3,1,1,7,3,5,4,5e4761e624b17f2239a6473a,2-m3SEGs0kM
3,2,2,2,3,4,3,5,5,6,5,4,3,4,3,5fcf5ad1347ca200086dd547,cYszuGaptkk
3,3,2,5,5,3,3,2,1,3,1,6,5,3,3,5f0cfeef098f1e53ff201909,VIqv8YRVDuY
1,4,5,5,5,2,5,3,5,6,2,2,3,3,3,5bd0a57f446a8e0001204390,VIqv8YRVDuY
5,6,6,7,6,5,2,5,3,2,5,2,3,3,2,61435b26170aa14747574253,VIqv8YRVDuY
3,3,3,3,3,5,1,1,7,7,7,4,1,1,7,60b60d67bbc65b38b155536e,cYszuGaptkk
2,2,3,2,4,6,5,1,4,5,6,3,2,3,2,6136503d70302c9d1aa894f4,cYszuGaptkk
5,7,4,3,6,3,3,2,3,5,3,5,4,5,5,56f597c5736c79000b228052,VIqv8YRVDuY
1,7,5,5,5,3,5,3,3,5,3,5,5,3,5,60b60d67bbc65b38b155536e,VIqv8YRVDuY
6,6,6,5,7,2,6,6,1,1,1,6,1,6,2,6136503d70302c9d1aa894f4,2-m3SEGs0kM
6,7,6,6,7,7,6,5,3,3,2,3,5,7,4,56f597c5736c79000b228052,2-m3SEGs0kM
1,6,2,3,4,4,2,2,3,5,3,3,2,2,3,6136503d70302c9d1aa894f4,Zl-50U1tsBM
3,3,5,6,5,5,3,2,2,3,2,6,5,5,3,56f597c5736c79000b228052,pdzliNhlqWI
5,7,4,5,6,2,3,3,2,2,2,4,4,6,5,5ebebcf619a604258a233c4f,2-m3SEGs0kM
2,6,6,2,7,2,6,2,2,2,2,7,3,6,2,608727ded1b6b85975bbf14d,pdzliNhlqWI
3,7,5,7,7,5,3,2,2,3,2,7,6,6,2,5e597bc019aafc0628150c78,pdzliNhlqWI
1,7,7,7,7,1,7,7,2,1,1,7,6,5,5,5f8394cdd4459c14c000697e,2-m3SEGs0kM
2,2,6,7,7,6,6,7,3,5,1,7,5,6,5,5f8394cdd4459c14c000697e,cYszuGaptkk
1,7,7,7,7,2,5,7,3,4,2,5,3,4,4,5f8394cdd4459c14c000697e,VIqv8YRVDuY
1,7,3,2,2,2,3,3,3,5,5,3,5,5,3,6151e69a392433707e7a9dfb,Zl-50U1tsBM
2,7,3,5,5,5,5,5,5,5,5,5,5,5,5,6151e69a392433707e7a9dfb,cYszuGaptkk
2,7,5,4,3,3,5,3,4,3,1,7,3,2,5,5e4761e624b17f2239a6473a,Zl-50U1tsBM
5,7,3,3,6,3,6,3,5,2,1,7,3,2,6,5e4761e624b17f2239a6473a,VIqv8YRVDuY
6,3,6,6,6,1,7,5,2,2,1,7,3,7,3,60b60d67bbc65b38b155536e,2-m3SEGs0kM
2,2,3,3,2,4,4,3,4,5,3,4,3,4,4,5ebebcf619a604258a233c4f,HO-GyyhtDnA
7,7,6,7,7,6,6,7,3,5,2,7,6,4,3,5e597bc019aafc0628150c78,2-m3SEGs0kM
5,5,4,7,2,5,5,3,2,4,5,5,6,4,5,5e597bc019aafc0628150c78,cYszuGaptkk
6,6,2,7,7,3,2,3,1,3,5,5,5,6,5,5e597bc019aafc0628150c78,VIqv8YRVDuY
6,7,3,3,6,4,3,2,3,3,4,4,2,2,2,5fae21a54a4443270635904c,2-m3SEGs0kM
5,7,6,5,6,5,5,3,4,4,3,3,2,4,4,5fae21a54a4443270635904c,VIqv8YRVDuY
2,3,3,5,2,5,5,5,6,6,4,7,4,2,7,5e4761e624b17f2239a6473a,HO-GyyhtDnA
2,7,5,4,6,4,7,5,5,5,5,7,3,2,6,5e4761e624b17f2239a6473a,cYszuGaptkk
1,2,5,3,3,5,6,3,6,6,5,7,4,3,3,56f597c5736c79000b228052,HO-GyyhtDnA
2,2,3,2,2,7,7,1,7,7,6,7,2,1,7,60b60d67bbc65b38b155536e,HO-GyyhtDnA
1,3,2,1,1,7,1,1,7,7,7,7,1,1,1,60b60d67bbc65b38b155536e,Zl-50U1tsBM
2,3,5,3,3,6,5,2,3,3,2,5,3,3,4,56f597c5736c79000b228052,Zl-50U1tsBM
1,2,2,2,2,6,3,2,6,5,3,3,3,2,2,6136503d70302c9d1aa894f4,HO-GyyhtDnA
2,7,7,7,7,3,5,6,3,3,6,7,6,5,5,6151e69a392433707e7a9dfb,pdzliNhlqWI
7,7,7,7,7,1,7,7,1,1,1,7,7,7,7,6151e69a392433707e7a9dfb,2-m3SEGs0kM
4,7,3,4,4,3,4,4,4,4,3,4,4,4,4,5fae21a54a4443270635904c,cYszuGaptkk
6,7,2,2,6,3,5,5,4,4,2,3,3,3,2,5fae21a54a4443270635904c,pdzliNhlqWI
4,7,2,2,5,4,4,3,3,4,1,2,2,3,5,5fae21a54a4443270635904c,HO-GyyhtDnA
6,3,3,3,3,5,5,4,2,3,5,3,3,2,3,5e380457679e67000c56b02f,Zl-50U1tsBM
7,6,6,6,6,2,4,4,2,2,3,5,3,5,4,5e380457679e67000c56b02f,2-m3SEGs0kM
2,5,3,3,2,5,3,3,4,5,5,5,3,3,3,56bb1e18724769000bb745f2,Zl-50U1tsBM
2,5,5,2,2,5,3,3,5,5,5,3,3,3,3,56bb1e18724769000bb745f2,HO-GyyhtDnA
2,3,4,3,3,6,4,5,6,6,5,6,4,5,3,56f597c5736c79000b228052,cYszuGaptkk
5,6,4,4,5,4,3,4,3,3,3,4,4,5,3,5ed18d516f7b8e0e377758fa,pdzliNhlqWI
1,6,5,3,6,4,5,5,2,2,2,6,3,6,2,6136503d70302c9d1aa894f4,pdzliNhlqWI
1,3,5,7,7,1,7,3,2,2,1,3,3,6,7,615a17c90199096a5bbe0f48,VIqv8YRVDuY
3,6,5,7,7,3,5,5,3,5,4,6,3,5,6,55d621bbdb6a810013fa0ea0,cYszuGaptkk
2,2,3,3,3,6,6,6,4,6,6,6,4,6,6,6127987e1e4a3ccd8b9ce45a,HO-GyyhtDnA
1,3,3,3,2,5,5,2,3,3,3,2,3,2,3,605e1fc0be766e80d0104df3,Zl-50U1tsBM
5,5,5,5,5,3,5,6,2,3,3,6,3,6,3,6127987e1e4a3ccd8b9ce45a,VIqv8YRVDuY
3,6,4,4,3,5,4,3,3,5,3,5,3,4,4,55d621bbdb6a810013fa0ea0,Zl-50U1tsBM
3,1,5,3,3,5,2,3,6,7,6,4,1,6,7,615a17c90199096a5bbe0f48,cYszuGaptkk
3,7,7,7,7,2,7,3,2,1,1,7,3,7,1,615a17c90199096a5bbe0f48,2-m3SEGs0kM
1,1,5,7,1,6,7,1,7,7,7,4,3,4,4,615a17c90199096a5bbe0f48,HO-GyyhtDnA
2,3,3,3,4,3,5,3,3,5,5,3,3,3,5,605e1fc0be766e80d0104df3,cYszuGaptkk
6,6,6,6,6,4,6,2,4,2,2,6,3,6,2,6127987e1e4a3ccd8b9ce45a,2-m3SEGs0kM
2,2,3,3,6,7,6,6,7,7,7,2,2,4,5,5f6c423e8071b21b35b07ea6,VIqv8YRVDuY
2,2,2,3,2,6,6,2,3,5,4,5,3,3,3,6127987e1e4a3ccd8b9ce45a,Zl-50U1tsBM
2,5,3,6,6,3,3,5,3,3,5,3,5,3,4,605e1fc0be766e80d0104df3,VIqv8YRVDuY
4,5,5,6,6,1,4,4,4,4,3,5,3,6,5,5efb8358f81cbe0f08950fe4,pdzliNhlqWI
3,4,5,5,5,5,6,5,4,6,3,3,5,3,6,6112c3592c483f115b25d256,cYszuGaptkk
4,6,7,6,7,1,7,6,6,7,1,7,3,7,7,5a95d013f6dfdd0001ea60be,2-m3SEGs0kM
5,5,3,3,4,4,5,3,3,3,4,5,5,4,3,5e380457679e67000c56b02f,pdzliNhlqWI
6,6,2,5,5,3,2,4,2,3,6,3,4,3,5,5e380457679e67000c56b02f,VIqv8YRVDuY
5,2,5,5,4,7,7,4,6,7,7,4,2,2,4,5f6c423e8071b21b35b07ea6,Zl-50U1tsBM
3,3,5,3,4,3,5,3,3,3,3,6,5,5,2,6127987e1e4a3ccd8b9ce45a,pdzliNhlqWI
2,2,7,1,2,7,4,4,6,6,4,7,3,3,4,5efb8358f81cbe0f08950fe4,HO-GyyhtDnA
2,4,3,4,4,5,6,2,4,5,2,5,2,5,4,6027cc78c597e0049f3e455d,Zl-50U1tsBM
3,2,7,2,6,1,3,4,4,5,3,6,2,6,4,5efb8358f81cbe0f08950fe4,cYszuGaptkk
6,6,7,6,7,1,5,2,2,1,1,6,2,6,5,60a6b2ed58d0aaed52f1dcf4,2-m3SEGs0kM
2,2,5,2,2,3,5,4,4,3,4,3,3,3,4,5e380457679e67000c56b02f,HO-GyyhtDnA
3,5,5,5,6,3,5,4,3,3,3,5,4,5,2,605e1fc0be766e80d0104df3,pdzliNhlqWI
3,3,3,4,3,5,5,5,4,5,5,5,4,5,6,6127987e1e4a3ccd8b9ce45a,cYszuGaptkk
6,6,6,6,6,4,6,5,3,3,3,5,3,5,3,605e1fc0be766e80d0104df3,2-m3SEGs0kM
5,4,5,3,5,3,3,4,5,6,4,2,3,5,4,6112c3592c483f115b25d256,VIqv8YRVDuY
6,6,5,6,6,2,5,7,2,2,3,5,3,5,7,55d621bbdb6a810013fa0ea0,2-m3SEGs0kM
1,5,3,3,3,5,5,2,4,5,6,7,2,5,1,615a17c90199096a5bbe0f48,Zl-50U1tsBM
3,2,5,3,3,5,6,3,4,5,5,2,4,3,6,6112c3592c483f115b25d256,HO-GyyhtDnA
5,5,5,3,3,7,7,3,7,7,7,3,3,3,4,5f6c423e8071b21b35b07ea6,HO-GyyhtDnA
2,2,5,2,1,6,3,4,6,4,5,3,3,2,2,5a95d013f6dfdd0001ea60be,HO-GyyhtDnA
6,3,2,3,3,6,3,4,3,6,5,7,5,5,5,60bb9dd521d84c33662850ae,HO-GyyhtDnA
2,7,6,7,7,2,3,3,3,5,2,5,6,6,5,60bb9dd521d84c33662850ae,VIqv8YRVDuY
6,6,6,6,6,3,4,3,3,2,3,6,5,5,6,55d621bbdb6a810013fa0ea0,pdzliNhlqWI
5,7,5,6,6,2,5,5,2,5,5,6,3,5,7,55d621bbdb6a810013fa0ea0,VIqv8YRVDuY
5,5,6,3,6,4,4,4,4,3,3,5,3,5,4,5efb8358f81cbe0f08950fe4,2-m3SEGs0kM
3,2,6,4,2,5,5,3,5,5,4,6,3,3,5,55d621bbdb6a810013fa0ea0,HO-GyyhtDnA
4,5,5,2,6,2,4,5,3,4,3,5,4,6,5,5efb8358f81cbe0f08950fe4,VIqv8YRVDuY
6,6,6,5,6,1,3,6,7,7,7,3,3,4,4,5f6c423e8071b21b35b07ea6,2-m3SEGs0kM
2,2,5,2,1,5,5,2,5,5,5,2,3,3,5,605e1fc0be766e80d0104df3,HO-GyyhtDnA
2,2,3,3,2,7,7,3,7,7,7,4,3,4,4,5f6c423e8071b21b35b07ea6,cYszuGaptkk
3,2,4,5,4,6,4,3,6,6,6,5,2,2,2,5efb8358f81cbe0f08950fe4,Zl-50U1tsBM
3,3,4,3,5,5,3,5,3,3,4,5,5,3,3,6112c3592c483f115b25d256,pdzliNhlqWI
6,6,6,2,6,3,7,5,6,7,7,7,2,3,3,5f6c423e8071b21b35b07ea6,pdzliNhlqWI
2,7,6,4,5,2,6,2,4,5,2,6,2,5,5,6027cc78c597e0049f3e455d,pdzliNhlqWI
2,2,4,4,3,6,5,2,4,5,4,5,3,2,4,6112c3592c483f115b25d256,Zl-50U1tsBM
6,6,3,5,6,3,3,6,3,5,3,3,3,2,5,60a6b2ed58d0aaed52f1dcf4,VIqv8YRVDuY
2,2,5,6,5,2,5,6,6,6,2,6,2,4,6,6027cc78c597e0049f3e455d,cYszuGaptkk
2,3,2,2,2,3,5,5,6,6,3,5,5,2,3,60a6b2ed58d0aaed52f1dcf4,cYszuGaptkk
4,4,4,3,3,4,4,4,3,3,4,4,3,3,6,5af4cd9c20299700016d1245,2-m3SEGs0kM
1,2,6,3,3,6,5,3,5,5,3,6,6,5,5,6037a63eb08c240350cfd0db,Zl-50U1tsBM
5,5,2,2,3,3,5,5,5,5,3,4,3,2,3,60a6b2ed58d0aaed52f1dcf4,Zl-50U1tsBM
6,7,6,6,6,5,5,5,5,3,3,5,5,5,5,60a6b2ed58d0aaed52f1dcf4,pdzliNhlqWI
2,2,6,2,2,6,3,2,6,6,2,6,2,3,4,6027cc78c597e0049f3e455d,HO-GyyhtDnA
3,7,5,6,6,3,2,5,2,2,2,6,3,3,5,5fc93d0e16b69439e106238e,pdzliNhlqWI
5,2,7,6,4,5,7,4,3,7,3,7,4,6,7,5a95d013f6dfdd0001ea60be,cYszuGaptkk
6,6,5,3,6,3,3,6,2,2,4,4,6,6,4,6112c3592c483f115b25d256,2-m3SEGs0kM
7,6,6,6,7,3,5,3,3,2,2,6,3,6,6,5fc93d0e16b69439e106238e,2-m3SEGs0kM
2,5,4,4,6,2,6,2,4,5,2,5,2,4,5,6027cc78c597e0049f3e455d,VIqv8YRVDuY
1,3,6,5,6,2,6,4,5,5,3,6,3,5,5,6037a63eb08c240350cfd0db,pdzliNhlqWI
2,2,6,7,7,5,4,4,4,4,4,4,4,4,4,5af4cd9c20299700016d1245,HO-GyyhtDnA
1,5,6,5,6,2,5,4,5,5,3,6,3,6,5,6037a63eb08c240350cfd0db,2-m3SEGs0kM
1,2,6,5,5,5,5,4,6,6,3,6,3,5,4,6037a63eb08c240350cfd0db,cYszuGaptkk
2,6,5,2,3,2,3,2,3,2,2,6,3,5,2,612b5a2c55286e4cf74a63ee,pdzliNhlqWI
3,4,6,6,4,4,4,3,4,5,4,5,5,5,4,5af4cd9c20299700016d1245,cYszuGaptkk
2,3,3,2,1,5,5,2,3,3,2,5,3,2,3,5fc93d0e16b69439e106238e,HO-GyyhtDnA
3,5,4,5,5,2,4,3,4,5,3,5,2,3,3,5b7924d8338a93000154ad21,VIqv8YRVDuY
5,4,3,5,6,2,3,5,2,3,5,4,3,3,4,5dfc01544a2ad4918e665575,VIqv8YRVDuY
4,4,6,6,3,6,5,3,6,6,3,3,3,3,3,5af4cd9c20299700016d1245,Zl-50U1tsBM
5,7,7,2,7,2,7,7,1,1,1,7,5,6,3,612b5a2c55286e4cf74a63ee,2-m3SEGs0kM
3,3,3,4,6,4,4,3,5,5,4,2,3,3,4,5af4cd9c20299700016d1245,VIqv8YRVDuY
5,5,3,4,3,4,3,4,3,5,4,5,3,5,5,5e380457679e67000c56b02f,cYszuGaptkk
7,6,6,7,7,7,7,6,2,2,3,5,5,5,6,60bb9dd521d84c33662850ae,2-m3SEGs0kM
3,7,5,4,6,4,4,2,2,2,2,3,3,4,4,5af4cd9c20299700016d1245,pdzliNhlqWI
2,3,6,5,6,2,6,4,5,5,3,6,3,5,5,6037a63eb08c240350cfd0db,VIqv8YRVDuY
2,6,2,5,5,3,5,3,2,3,3,5,3,3,5,5fc93d0e16b69439e106238e,cYszuGaptkk
3,3,5,2,3,7,5,2,6,3,3,5,2,2,3,5b7924d8338a93000154ad21,Zl-50U1tsBM
5,5,3,5,3,6,6,5,5,6,5,4,4,1,4,5dfc01544a2ad4918e665575,Zl-50U1tsBM
5,6,4,5,5,3,3,5,4,3,3,5,4,5,6,5dfc01544a2ad4918e665575,2-m3SEGs0kM
3,6,5,3,6,2,5,2,2,3,3,6,3,3,3,5b7924d8338a93000154ad21,pdzliNhlqWI
3,3,6,2,2,7,6,1,6,6,3,6,2,2,2,5b7924d8338a93000154ad21,HO-GyyhtDnA
2,2,3,2,1,3,3,2,5,4,5,3,3,2,3,5a95d013f6dfdd0001ea60be,Zl-50U1tsBM
4,3,2,2,4,3,1,5,5,6,3,6,5,5,5,60bb9dd521d84c33662850ae,Zl-50U1tsBM
2,6,5,7,6,2,2,3,2,2,2,6,5,6,5,60bb9dd521d84c33662850ae,pdzliNhlqWI
2,6,6,5,6,3,6,2,4,3,1,5,2,5,4,6027cc78c597e0049f3e455d,2-m3SEGs0kM
1,2,6,3,3,6,6,3,6,6,3,6,5,5,5,6037a63eb08c240350cfd0db,HO-GyyhtDnA
2,5,5,2,3,4,3,5,5,5,3,5,3,3,3,60a6b2ed58d0aaed52f1dcf4,HO-GyyhtDnA
2,6,5,6,6,2,5,3,2,2,2,6,3,3,6,5fc93d0e16b69439e106238e,VIqv8YRVDuY
2,6,6,6,3,6,2,2,6,3,3,3,5,3,3,612b5a2c55286e4cf74a63ee,Zl-50U1tsBM
2,6,2,3,2,6,2,2,3,2,3,5,2,2,3,5fc93d0e16b69439e106238e,Zl-50U1tsBM
3,4,5,4,6,2,2,5,4,5,4,5,3,2,6,5dfc01544a2ad4918e665575,pdzliNhlqWI
5,7,6,3,7,2,3,1,6,6,3,3,5,5,5,612b5a2c55286e4cf74a63ee,cYszuGaptkk
3,3,5,5,3,5,6,3,4,6,2,5,3,2,2,608702d7661a76c56f62a02a,cYszuGaptkk
6,7,6,7,7,3,6,3,2,3,3,6,4,5,5,5ebd495e39fb6f017b95054a,pdzliNhlqWI
5,4,4,5,6,2,3,6,4,4,3,4,3,4,5,5dfc01544a2ad4918e665575,cYszuGaptkk
3,3,2,6,2,6,5,2,6,6,5,4,3,3,3,60c114f1542c86cb1e3e7c86,HO-GyyhtDnA
6,6,7,6,6,4,5,3,4,3,2,5,3,6,2,608702d7661a76c56f62a02a,2-m3SEGs0kM
3,6,6,6,6,3,5,5,3,4,3,6,5,5,5,5ebd495e39fb6f017b95054a,VIqv8YRVDuY
3,4,5,3,5,2,5,2,3,3,3,6,2,2,3,5b7924d8338a93000154ad21,2-m3SEGs0kM
3,2,2,1,1,6,6,2,6,6,3,5,3,1,4,5dfc01544a2ad4918e665575,HO-GyyhtDnA
2,3,3,3,2,6,6,2,3,6,2,3,1,3,2,608702d7661a76c56f62a02a,Zl-50U1tsBM
3,5,3,3,3,3,3,2,3,3,3,2,3,3,2,5d4d9ea8c088850019ec5b32,pdzliNhlqWI
3,5,4,5,6,5,6,2,3,6,1,6,5,6,2,608702d7661a76c56f62a02a,pdzliNhlqWI
3,6,3,7,7,3,3,5,2,5,3,6,3,3,6,60bb9dd521d84c33662850ae,cYszuGaptkk
6,6,6,6,6,3,5,2,3,3,2,5,3,5,3,56bb1e18724769000bb745f2,2-m3SEGs0kM
3,6,5,3,5,3,3,3,3,3,3,5,4,5,3,56bb1e18724769000bb745f2,pdzliNhlqWI
3,4,5,3,2,5,4,2,2,4,6,4,3,2,3,5d979f377bc9750018a7a6bf,Zl-50U1tsBM
3,4,5,4,5,2,2,3,5,4,5,4,4,4,5,5d979f377bc9750018a7a6bf,VIqv8YRVDuY
3,7,7,7,7,3,5,4,3,2,2,2,4,4,4,5ebd495e39fb6f017b95054a,2-m3SEGs0kM
6,5,5,6,6,6,6,7,2,1,1,6,3,3,4,5fc00a11268eb941e7d8b066,2-m3SEGs0kM
3,3,2,4,2,6,6,2,3,3,2,5,2,1,3,5fc00a11268eb941e7d8b066,HO-GyyhtDnA
3,2,3,3,6,5,1,1,6,5,7,3,2,3,6,5de0803843e90d0fcc462b13,cYszuGaptkk
3,5,3,6,6,2,6,5,2,2,3,6,3,3,2,5de0803843e90d0fcc462b13,pdzliNhlqWI
3,6,3,2,6,2,5,1,6,5,6,3,3,6,5,5de0803843e90d0fcc462b13,VIqv8YRVDuY
6,5,5,4,6,3,6,2,2,2,1,7,3,5,3,60b7be9f5e3d9290ded3bedf,2-m3SEGs0kM
3,4,4,3,6,4,4,3,2,2,2,6,5,5,4,601969ac51c0bc0556499ddd,pdzliNhlqWI
4,1,4,7,7,4,4,4,4,4,4,4,4,4,4,5d432a9dfc19f8001a2964e7,cYszuGaptkk
3,4,7,3,6,4,4,3,7,7,6,7,7,4,4,601969ac51c0bc0556499ddd,HO-GyyhtDnA
4,4,4,7,4,4,4,4,4,4,4,4,4,4,4,5d432a9dfc19f8001a2964e7,HO-GyyhtDnA
7,7,7,7,7,1,7,7,1,4,7,7,4,7,6,5d432a9dfc19f8001a2964e7,VIqv8YRVDuY
4,4,6,4,3,6,4,4,7,6,4,4,4,4,6,5b82e33f184f45000155f0ba,Zl-50U1tsBM
3,6,5,4,5,4,6,4,3,2,3,5,5,5,5,6057810acf80d91784eb5b15,pdzliNhlqWI
4,3,4,4,4,4,4,4,7,7,5,5,4,4,6,5b82e33f184f45000155f0ba,cYszuGaptkk
2,3,6,1,1,5,7,2,7,7,3,2,5,3,3,612b5a2c55286e4cf74a63ee,HO-GyyhtDnA
2,3,3,3,2,4,3,3,3,5,3,4,3,3,3,57a6891d8eccbc0001f39f89,HO-GyyhtDnA
5,6,3,3,3,4,2,3,2,3,5,3,3,3,3,57a6891d8eccbc0001f39f89,VIqv8YRVDuY
2,3,4,3,3,4,3,3,2,3,3,6,3,3,2,57a6891d8eccbc0001f39f89,pdzliNhlqWI
3,3,3,3,3,5,4,3,3,5,5,3,2,3,3,57a6891d8eccbc0001f39f89,cYszuGaptkk
6,6,3,4,6,3,4,2,2,2,6,7,3,2,2,60b7be9f5e3d9290ded3bedf,pdzliNhlqWI
6,6,6,5,7,1,5,4,3,3,3,6,3,5,3,5de0803843e90d0fcc462b13,2-m3SEGs0kM
7,7,7,7,7,1,7,7,1,1,1,7,3,7,1,5d432a9dfc19f8001a2964e7,2-m3SEGs0kM
7,7,7,7,7,2,7,3,3,1,1,7,4,7,4,6057810acf80d91784eb5b15,2-m3SEGs0kM
3,5,3,3,5,3,3,3,4,5,4,3,3,5,3,56bb1e18724769000bb745f2,VIqv8YRVDuY
3,5,2,6,3,5,6,2,3,3,2,3,2,3,3,5fc00a11268eb941e7d8b066,cYszuGaptkk
5,6,3,3,2,6,6,2,3,3,2,4,2,2,3,5fc00a11268eb941e7d8b066,Zl-50U1tsBM
3,3,2,2,2,4,2,3,2,5,5,5,3,2,2,57a6891d8eccbc0001f39f89,Zl-50U1tsBM
4,4,4,4,4,3,4,3,3,3,5,6,4,4,6,601969ac51c0bc0556499ddd,VIqv8YRVDuY
3,4,7,7,3,4,4,3,2,4,7,4,2,1,7,5d432a9dfc19f8001a2964e7,Zl-50U1tsBM
5,5,4,3,3,4,2,3,2,4,5,5,4,3,3,6057810acf80d91784eb5b15,cYszuGaptkk
4,3,4,4,4,4,4,3,7,7,4,4,4,4,5,5b82e33f184f45000155f0ba,VIqv8YRVDuY
1,2,3,1,1,4,6,1,7,1,2,4,2,2,3,6057810acf80d91784eb5b15,HO-GyyhtDnA
1,2,6,3,2,6,2,1,1,1,3,6,1,2,2,6057810acf80d91784eb5b15,Zl-50U1tsBM
3,5,5,3,5,3,5,3,4,5,5,3,3,5,3,56bb1e18724769000bb745f2,cYszuGaptkk
2,4,4,2,4,3,5,2,3,3,2,5,4,5,3,5d979f377bc9750018a7a6bf,pdzliNhlqWI
7,7,6,7,7,1,5,3,2,1,1,5,2,7,3,5f196e2fab8a9003090bd474,2-m3SEGs0kM
2,5,3,2,6,3,5,2,2,2,1,6,3,3,1,5f196e2fab8a9003090bd474,pdzliNhlqWI
6,6,7,7,7,2,6,5,2,2,2,6,3,6,3,5ed18d516f7b8e0e377758fa,2-m3SEGs0kM
1,1,2,1,1,6,5,1,5,5,4,4,3,1,3,5f196e2fab8a9003090bd474,HO-GyyhtDnA
4,6,5,6,6,3,3,5,4,5,3,4,5,3,4,60d205ced0447ecd3d238b03,VIqv8YRVDuY
2,1,5,3,1,3,6,6,4,6,3,6,3,3,6,60d205ced0447ecd3d238b03,HO-GyyhtDnA
7,7,6,6,7,2,6,3,2,1,2,6,5,5,2,60d205ced0447ecd3d238b03,2-m3SEGs0kM
6,3,3,2,1,6,5,3,4,3,5,4,2,2,3,60d205ced0447ecd3d238b03,Zl-50U1tsBM
4,5,5,3,4,2,2,4,4,3,3,5,3,3,4,6147a56ede21f199226e8b7a,VIqv8YRVDuY
5,5,7,3,3,7,5,2,1,1,3,6,2,1,2,612550d21d30a44cb0d2d579,Zl-50U1tsBM
6,3,2,3,5,4,3,2,3,4,5,5,3,3,6,5ecb7a2d7a32d26eca7526ba,VIqv8YRVDuY
2,6,3,2,4,4,4,3,2,2,2,3,3,3,1,5f7e0c5f582257095a86ff6e,pdzliNhlqWI
2,6,4,3,6,4,3,5,3,4,3,5,3,5,3,5ed18d516f7b8e0e377758fa,VIqv8YRVDuY
3,5,2,5,7,3,2,3,2,6,6,5,3,3,5,5ff0bcb250c73d4aad16886f,VIqv8YRVDuY
6,6,3,5,6,3,3,3,1,1,2,7,5,5,3,5ff0bcb250c73d4aad16886f,pdzliNhlqWI
3,3,4,5,3,4,4,3,5,6,6,6,3,5,4,5ed18d516f7b8e0e377758fa,cYszuGaptkk
2,2,5,1,1,5,5,3,3,6,3,5,4,5,6,5ff0bcb250c73d4aad16886f,HO-GyyhtDnA
5,6,5,5,3,5,5,3,2,6,5,3,3,3,5,5ff0bcb250c73d4aad16886f,Zl-50U1tsBM
2,5,5,3,3,5,3,3,4,4,3,6,3,3,4,5ed18d516f7b8e0e377758fa,Zl-50U1tsBM
2,2,3,5,3,6,5,5,5,5,3,3,3,3,4,5f7e0c5f582257095a86ff6e,HO-GyyhtDnA
2,2,2,2,1,6,5,1,3,3,2,2,2,2,3,5f196e2fab8a9003090bd474,Zl-50U1tsBM
2,2,3,1,1,6,4,3,6,6,5,5,4,4,4,6147a56ede21f199226e8b7a,HO-GyyhtDnA
2,7,5,4,5,4,6,3,2,1,1,7,3,5,1,612550d21d30a44cb0d2d579,pdzliNhlqWI
6,5,2,3,3,3,2,5,2,2,3,6,3,5,2,5ffc6d5f2e58f30303c20217,pdzliNhlqWI
5,3,3,5,5,3,2,6,2,3,6,3,3,5,6,5ffc6d5f2e58f30303c20217,VIqv8YRVDuY
3,3,5,5,3,6,5,3,6,7,6,3,5,6,6,5ffc6d5f2e58f30303c20217,cYszuGaptkk
3,4,4,5,2,5,3,3,4,5,4,4,3,2,4,5d979f377bc9750018a7a6bf,cYszuGaptkk
6,3,5,6,7,5,5,6,2,1,2,6,5,5,3,5ff0bcb250c73d4aad16886f,2-m3SEGs0kM
2,3,3,3,6,3,5,3,3,3,2,3,2,3,5,5f7e0c5f582257095a86ff6e,VIqv8YRVDuY
6,6,2,5,7,3,6,5,6,5,7,2,3,2,6,6043ae623e7869398030c7e2,VIqv8YRVDuY
5,5,3,3,5,4,4,5,5,5,5,4,2,5,3,5d456f55b2da940019185094,cYszuGaptkk
2,2,5,6,5,6,5,2,3,3,5,6,3,5,6,5ffc6d5f2e58f30303c20217,HO-GyyhtDnA
2,5,5,2,3,5,5,3,5,5,5,4,2,5,3,5d456f55b2da940019185094,HO-GyyhtDnA
2,2,6,7,3,4,7,5,7,7,4,7,4,7,7,6043ae623e7869398030c7e2,HO-GyyhtDnA
2,7,5,5,5,2,2,3,1,1,5,4,3,5,3,5d456f55b2da940019185094,VIqv8YRVDuY
4,6,6,6,5,3,5,5,4,3,2,6,5,6,6,5c0ca233632102000147c7db,2-m3SEGs0kM
3,3,4,4,5,4,3,4,5,5,3,4,4,3,5,5c0ca233632102000147c7db,cYszuGaptkk
4,4,5,4,4,4,4,4,4,4,4,4,4,4,4,5af59900892f4e000163b98a,cYszuGaptkk
5,6,6,3,6,2,3,4,3,2,1,3,2,6,4,5d979f377bc9750018a7a6bf,2-m3SEGs0kM
2,3,4,1,1,6,4,1,3,4,5,6,5,2,5,5d979f377bc9750018a7a6bf,HO-GyyhtDnA
7,5,7,7,7,2,4,4,4,3,3,5,3,4,5,577d9254c6144900014a0083,2-m3SEGs0kM
3,4,5,5,5,4,5,4,4,3,3,6,4,4,3,577d9254c6144900014a0083,pdzliNhlqWI
2,3,3,3,3,5,3,2,3,3,2,2,3,2,3,6110e8ea36e9b36a6ed2cebf,Zl-50U1tsBM
6,6,5,5,6,5,5,6,2,3,2,6,5,5,3,60e55bb59cfd0aa9803b4470,pdzliNhlqWI
3,2,2,2,3,3,5,2,2,2,2,2,3,2,2,6110e8ea36e9b36a6ed2cebf,pdzliNhlqWI
6,6,6,6,5,3,5,6,2,3,3,5,3,5,5,60e55bb59cfd0aa9803b4470,VIqv8YRVDuY
1,1,5,5,2,6,4,5,6,6,3,6,4,3,4,577d9254c6144900014a0083,HO-GyyhtDnA
5,5,5,6,6,3,5,5,3,6,6,5,3,6,6,60e55bb59cfd0aa9803b4470,cYszuGaptkk
7,7,7,7,7,3,6,6,3,2,5,6,4,5,5,5963c7e5c11b6a0001dc2421,pdzliNhlqWI
5,6,7,7,7,2,5,6,2,2,1,6,3,6,2,60e55bb59cfd0aa9803b4470,2-m3SEGs0kM
5,5,5,5,5,4,5,5,3,2,3,5,4,5,5,59e4b3a1896cfc0001921095,2-m3SEGs0kM
4,3,2,5,5,4,5,5,3,3,5,6,5,5,5,5810f69c7d3e6d0001df29a5,VIqv8YRVDuY
3,3,2,5,5,3,4,5,4,2,2,4,3,3,5,5f7e0c5f582257095a86ff6e,2-m3SEGs0kM
2,4,3,3,3,5,4,4,4,3,2,3,3,3,3,5f7e0c5f582257095a86ff6e,Zl-50U1tsBM
2,1,2,1,4,5,3,1,5,6,4,4,4,1,6,5f196e2fab8a9003090bd474,cYszuGaptkk
2,3,5,3,2,4,5,2,4,5,4,6,3,4,4,5ed18d516f7b8e0e377758fa,HO-GyyhtDnA
5,3,2,5,5,3,3,3,2,5,3,6,3,3,5,5ff0bcb250c73d4aad16886f,cYszuGaptkk
7,5,1,6,7,2,2,2,2,2,2,3,2,3,5,5f196e2fab8a9003090bd474,VIqv8YRVDuY
5,5,3,3,5,6,5,3,2,2,7,5,4,3,3,5d456f55b2da940019185094,Zl-50U1tsBM
4,4,4,4,4,4,4,4,4,7,4,6,4,4,7,577d9254c6144900014a0083,cYszuGaptkk
3,3,2,3,5,4,4,4,4,4,3,5,4,4,4,577d9254c6144900014a0083,Zl-50U1tsBM
1,7,4,4,4,3,4,3,4,3,3,6,3,4,3,577d9254c6144900014a0083,VIqv8YRVDuY
3,3,5,2,3,5,5,2,6,5,5,3,3,5,3,60e55bb59cfd0aa9803b4470,HO-GyyhtDnA
5,2,6,5,6,1,7,6,1,1,1,7,5,5,7,6110e8ea36e9b36a6ed2cebf,2-m3SEGs0kM
3,3,3,3,3,5,5,2,3,3,3,2,2,3,3,60e55bb59cfd0aa9803b4470,Zl-50U1tsBM
7,7,7,7,7,2,5,5,2,4,3,5,3,5,3,5963c7e5c11b6a0001dc2421,2-m3SEGs0kM
5,4,2,2,2,6,5,4,5,6,4,6,3,1,3,60fd39605911cc95aa9b1b11,HO-GyyhtDnA
5,3,5,5,3,5,3,3,3,5,3,3,3,3,3,5963c7e5c11b6a0001dc2421,HO-GyyhtDnA
3,2,5,3,3,3,2,2,2,3,2,2,2,2,2,5963c7e5c11b6a0001dc2421,Zl-50U1tsBM
5,4,2,3,5,5,3,2,4,5,5,6,3,3,5,60fd39605911cc95aa9b1b11,cYszuGaptkk
5,3,5,6,6,3,3,3,3,5,5,3,5,4,3,5963c7e5c11b6a0001dc2421,VIqv8YRVDuY
4,2,2,3,1,7,7,1,7,7,7,3,3,3,3,6110e8ea36e9b36a6ed2cebf,HO-GyyhtDnA
5,7,6,6,6,5,4,6,3,5,3,3,5,3,3,5963c7e5c11b6a0001dc2421,cYszuGaptkk
7,7,2,7,6,3,2,2,1,1,5,3,5,4,3,5e5bd0b15bb3123a2e2a2c07,VIqv8YRVDuY
3,3,4,4,3,5,5,4,4,5,4,5,4,4,5,59e4b3a1896cfc0001921095,HO-GyyhtDnA
4,5,4,5,5,3,4,4,3,4,4,5,4,5,5,59e4b3a1896cfc0001921095,VIqv8YRVDuY
5,3,2,3,3,6,5,2,1,2,2,6,3,4,5,5e5bd0b15bb3123a2e2a2c07,cYszuGaptkk
6,6,7,6,5,2,1,3,3,2,2,6,4,4,3,5810f69c7d3e6d0001df29a5,2-m3SEGs0kM
3,3,5,5,5,2,5,6,6,7,6,6,5,5,6,6110e8ea36e9b36a6ed2cebf,VIqv8YRVDuY
3,1,3,7,5,7,7,4,4,7,7,3,3,5,5,6110e8ea36e9b36a6ed2cebf,cYszuGaptkk
6,5,2,3,5,2,5,2,4,4,5,5,2,3,4,60fd39605911cc95aa9b1b11,VIqv8YRVDuY
5,6,3,2,4,5,3,2,3,3,2,5,2,2,2,60fd39605911cc95aa9b1b11,Zl-50U1tsBM
2,6,2,2,6,5,4,2,2,1,5,7,6,4,1,60fd39605911cc95aa9b1b11,pdzliNhlqWI
5,6,5,5,6,2,3,2,2,1,1,5,3,5,2,60fd39605911cc95aa9b1b11,2-m3SEGs0kM
6,6,2,3,3,6,3,3,1,2,1,3,2,2,1,5e5bd0b15bb3123a2e2a2c07,Zl-50U1tsBM
7,7,6,7,7,2,5,7,1,1,1,6,2,6,2,5e5bd0b15bb3123a2e2a2c07,2-m3SEGs0kM
4,6,6,5,7,2,2,2,3,2,1,5,4,4,2,5810f69c7d3e6d0001df29a5,pdzliNhlqWI
5,7,5,6,6,5,6,3,1,2,1,7,5,5,1,5e5bd0b15bb3123a2e2a2c07,pdzliNhlqWI
2,3,3,3,2,3,6,1,4,5,1,3,2,5,2,5e5bd0b15bb3123a2e2a2c07,HO-GyyhtDnA
2,3,3,5,5,3,3,4,5,5,5,3,3,3,5,5f7e0c5f582257095a86ff6e,cYszuGaptkk
3,3,5,4,5,5,5,3,3,3,3,6,6,5,3,60d205ced0447ecd3d238b03,pdzliNhlqWI
3,3,6,2,4,2,3,5,6,6,2,5,3,3,5,6147a56ede21f199226e8b7a,cYszuGaptkk
6,6,5,6,5,2,6,5,2,1,2,6,3,6,6,5ffc6d5f2e58f30303c20217,2-m3SEGs0kM
3,3,2,3,3,5,3,3,4,3,2,3,3,3,3,5d3ef33e8da0790017c90e08,Zl-50U1tsBM
3,2,3,3,2,6,5,5,5,5,3,3,5,3,6,5d3ef33e8da0790017c90e08,HO-GyyhtDnA
6,3,4,6,3,5,3,3,2,6,5,5,2,5,3,60d205ced0447ecd3d238b03,cYszuGaptkk
6,6,6,3,5,2,4,3,3,3,2,6,3,6,3,5ecb7a2d7a32d26eca7526ba,2-m3SEGs0kM
5,5,6,2,3,2,2,3,1,3,2,5,4,4,3,6147a56ede21f199226e8b7a,2-m3SEGs0kM
6,5,3,3,4,3,3,3,2,3,5,6,3,3,4,5ecb7a2d7a32d26eca7526ba,cYszuGaptkk
2,3,2,2,2,4,3,2,3,4,4,5,3,3,3,5ecb7a2d7a32d26eca7526ba,Zl-50U1tsBM
5,5,5,5,7,3,5,4,4,2,2,5,3,5,5,5d3ef33e8da0790017c90e08,2-m3SEGs0kM
4,5,5,5,4,4,4,3,3,2,2,5,4,5,3,5d3ef33e8da0790017c90e08,pdzliNhlqWI
3,7,5,3,5,4,4,3,2,2,5,4,3,5,2,5d456f55b2da940019185094,pdzliNhlqWI
7,7,6,6,6,3,4,5,3,2,2,5,3,3,3,6043ae623e7869398030c7e2,2-m3SEGs0kM
5,4,2,5,7,3,3,2,2,3,2,3,4,3,6,5d3ef33e8da0790017c90e08,VIqv8YRVDuY
2,3,3,2,2,6,5,2,3,3,5,6,3,3,5,5ffc6d5f2e58f30303c20217,Zl-50U1tsBM
5,2,3,4,3,5,4,5,4,5,3,2,4,3,3,5d3ef33e8da0790017c90e08,cYszuGaptkk
3,3,4,2,2,5,4,5,4,4,2,5,4,4,4,6147a56ede21f199226e8b7a,Zl-50U1tsBM
6,4,5,3,6,3,5,2,3,3,5,6,3,3,3,5ecb7a2d7a32d26eca7526ba,pdzliNhlqWI
5,5,6,3,6,2,2,3,2,6,6,3,3,4,5,612550d21d30a44cb0d2d579,VIqv8YRVDuY
5,5,5,5,5,2,4,5,1,1,1,7,3,6,1,612550d21d30a44cb0d2d579,2-m3SEGs0kM
5,5,2,2,4,2,3,2,2,2,1,4,3,3,4,6147a56ede21f199226e8b7a,pdzliNhlqWI
2,2,2,2,2,4,3,3,4,5,5,5,3,3,3,5ecb7a2d7a32d26eca7526ba,HO-GyyhtDnA
1,4,3,2,3,5,3,3,2,5,5,4,3,2,5,612550d21d30a44cb0d2d579,cYszuGaptkk
2,4,5,3,2,6,4,2,2,4,5,5,4,4,3,612550d21d30a44cb0d2d579,HO-GyyhtDnA
3,2,5,3,2,6,6,3,6,5,3,5,5,3,6,5c0ca233632102000147c7db,HO-GyyhtDnA
4,6,6,6,6,3,4,6,2,2,3,6,3,6,6,5af59900892f4e000163b98a,2-m3SEGs0kM
4,5,4,6,6,4,5,4,3,3,2,6,5,4,5,5c0ca233632102000147c7db,pdzliNhlqWI
4,3,6,3,3,5,5,2,5,6,3,6,4,4,4,5af59900892f4e000163b98a,HO-GyyhtDnA
4,5,4,6,6,3,5,5,4,3,3,4,5,4,4,5c0ca233632102000147c7db,VIqv8YRVDuY
4,5,5,3,3,4,4,2,4,3,4,4,3,3,2,5af59900892f4e000163b98a,Zl-50U1tsBM
2,3,3,4,5,4,4,2,4,4,3,5,4,4,3,5ecb6acd10d2c36e6124c9bd,VIqv8YRVDuY
5,4,5,3,3,6,4,3,5,5,4,4,3,3,3,5ce740c8636a5b0018f55968,Zl-50U1tsBM
5,5,5,5,5,4,6,4,3,3,3,7,6,5,4,5ce740c8636a5b0018f55968,2-m3SEGs0kM
3,3,5,3,3,6,5,5,6,6,5,6,3,5,5,5eebb0ca7b8d2937415c5438,HO-GyyhtDnA
7,7,1,3,2,6,2,2,2,3,6,2,4,2,2,6043ae623e7869398030c7e2,Zl-50U1tsBM
7,7,7,6,6,3,2,2,1,1,6,4,3,5,2,5d456f55b2da940019185094,2-m3SEGs0kM
3,3,5,4,3,4,5,3,5,4,2,3,3,2,4,5c0ca233632102000147c7db,Zl-50U1tsBM
5,5,4,4,7,2,6,3,3,2,2,6,6,4,4,6043ae623e7869398030c7e2,pdzliNhlqWI
4,6,6,6,6,2,3,4,3,3,4,3,3,4,5,5af59900892f4e000163b98a,VIqv8YRVDuY
2,6,6,2,6,2,6,2,2,2,2,6,4,5,2,59a7fec40c87a000017483a0,pdzliNhlqWI
2,6,5,6,6,3,4,5,3,3,3,3,4,5,3,59a7fec40c87a000017483a0,VIqv8YRVDuY
4,5,5,5,5,4,4,5,6,4,5,5,5,4,5,5ce740c8636a5b0018f55968,VIqv8YRVDuY
5,6,3,6,2,6,5,3,2,5,2,6,3,3,2,59a7fec40c87a000017483a0,Zl-50U1tsBM
3,5,6,5,5,4,4,4,3,3,3,6,5,5,4,5ce740c8636a5b0018f55968,pdzliNhlqWI
2,3,2,2,2,5,4,2,4,4,2,5,2,2,2,5ecb6acd10d2c36e6124c9bd,Zl-50U1tsBM
6,6,6,6,6,2,5,4,4,2,4,5,3,4,2,5ecb6acd10d2c36e6124c9bd,2-m3SEGs0kM
3,5,5,3,3,5,4,3,4,4,4,5,2,3,3,5ecb6acd10d2c36e6124c9bd,cYszuGaptkk
6,6,6,6,7,3,3,6,6,5,5,6,6,6,7,5eebb0ca7b8d2937415c5438,cYszuGaptkk
5,3,6,5,5,6,6,5,6,6,5,6,5,5,5,5eebb0ca7b8d2937415c5438,Zl-50U1tsBM
2,2,6,5,3,6,5,6,2,3,6,6,3,3,4,59a7fec40c87a000017483a0,cYszuGaptkk
3,6,6,3,3,4,3,3,4,4,3,5,3,4,3,5ecb6acd10d2c36e6124c9bd,pdzliNhlqWI
5,6,5,6,6,5,3,6,2,3,6,5,3,5,3,5eebb0ca7b8d2937415c5438,pdzliNhlqWI
4,4,6,3,3,5,4,3,6,6,6,3,4,5,4,5ce740c8636a5b0018f55968,HO-GyyhtDnA
6,6,6,7,5,4,6,5,6,6,2,3,4,6,4,6043ae623e7869398030c7e2,cYszuGaptkk
5,5,5,4,4,3,5,2,4,3,3,6,4,5,3,5af59900892f4e000163b98a,pdzliNhlqWI
2,6,3,2,2,5,4,3,4,4,3,5,2,2,2,5ecb6acd10d2c36e6124c9bd,HO-GyyhtDnA
3,6,6,5,6,2,6,3,2,2,2,6,3,6,2,59a7fec40c87a000017483a0,2-m3SEGs0kM
3,3,3,2,2,6,6,5,6,6,2,6,4,2,6,59a7fec40c87a000017483a0,HO-GyyhtDnA
6,3,5,4,5,4,5,3,4,4,3,4,5,5,5,5ce740c8636a5b0018f55968,cYszuGaptkk
5,6,6,6,6,3,3,6,3,5,6,5,5,5,3,5eebb0ca7b8d2937415c5438,VIqv8YRVDuY
5,6,5,5,6,3,6,3,3,3,3,6,5,5,2,5abe42840527ba0001c1db23,pdzliNhlqWI
5,6,6,7,7,6,5,6,5,3,5,6,5,5,3,5eebb0ca7b8d2937415c5438,2-m3SEGs0kM
5,6,6,5,5,3,6,3,4,5,2,6,6,6,4,5abe42840527ba0001c1db23,2-m3SEGs0kM
2,2,3,3,3,6,3,3,6,5,6,3,5,3,2,5abe42840527ba0001c1db23,Zl-50U1tsBM
6,1,3,6,3,6,3,3,6,5,6,4,4,3,6,5abe42840527ba0001c1db23,cYszuGaptkk
2,1,3,5,2,3,3,3,6,5,3,2,3,2,5,6137e8f606da0457071cbcfc,cYszuGaptkk
3,1,4,3,2,6,4,4,6,6,6,3,5,3,6,5abe42840527ba0001c1db23,HO-GyyhtDnA
3,2,3,5,5,3,3,3,6,5,5,3,3,5,5,6276716449ace8d4b6f5e02b,cYszuGaptkk
5,2,5,3,1,3,3,2,6,5,2,3,3,1,3,6137e8f606da0457071cbcfc,Zl-50U1tsBM
5,6,7,6,6,5,3,3,3,2,1,3,3,2,1,6137e8f606da0457071cbcfc,2-m3SEGs0kM
5,6,6,6,6,2,6,5,5,5,6,3,3,6,6,5abe42840527ba0001c1db23,VIqv8YRVDuY
5,5,5,3,5,5,5,3,3,3,3,5,3,5,3,6276716449ace8d4b6f5e02b,pdzliNhlqWI
6,1,6,2,1,3,5,5,7,6,3,5,3,3,3,6137e8f606da0457071cbcfc,HO-GyyhtDnA
6,6,7,5,5,3,5,2,5,3,3,5,5,3,3,6137e8f606da0457071cbcfc,pdzliNhlqWI
2,3,3,2,5,3,3,2,3,3,3,5,2,3,3,6276716449ace8d4b6f5e02b,Zl-50U1tsBM
1,3,6,5,5,2,3,2,5,5,6,3,3,2,3,6137e8f606da0457071cbcfc,VIqv8YRVDuY
5,6,5,5,5,3,5,3,3,2,3,3,3,3,3,6276716449ace8d4b6f5e02b,2-m3SEGs0kM
2,3,5,5,3,3,5,3,5,5,5,3,3,5,3,6276716449ace8d4b6f5e02b,HO-GyyhtDnA
5,3,5,5,6,2,5,3,5,5,5,2,3,5,5,6276716449ace8d4b6f5e02b,VIqv8YRVDuY
3,6,5,2,3,5,5,2,3,3,2,5,2,2,3,611f3c7e6f8cb73ad45c7af4,Zl-50U1tsBM
5,3,3,5,6,3,5,3,3,3,4,5,3,6,3,57b7761efc23450001acc0a1,VIqv8YRVDuY
2,2,3,3,1,6,7,3,6,5,3,2,2,3,4,57b7761efc23450001acc0a1,HO-GyyhtDnA
7,6,6,6,6,4,2,3,2,2,2,6,3,5,3,5d9f5cae4d62c40010ae40e6,2-m3SEGs0kM
2,3,5,3,3,5,3,2,2,2,2,6,3,3,2,5d9f5cae4d62c40010ae40e6,Zl-50U1tsBM
2,6,5,2,5,3,5,3,3,2,2,5,3,5,2,611f3c7e6f8cb73ad45c7af4,pdzliNhlqWI
6,6,3,3,3,4,3,2,3,6,3,5,2,5,4,611f3c7e6f8cb73ad45c7af4,cYszuGaptkk
6,5,3,6,7,2,6,3,3,2,1,3,3,7,4,57b7761efc23450001acc0a1,2-m3SEGs0kM
3,5,6,3,6,4,6,6,3,3,2,5,5,6,6,57b7761efc23450001acc0a1,pdzliNhlqWI
1,5,2,1,1,4,2,1,3,5,3,2,2,1,2,5c73a9d92dfbdb0001b95375,Zl-50U1tsBM
7,7,6,7,7,3,3,2,1,2,6,6,2,4,2,5c73a9d92dfbdb0001b95375,pdzliNhlqWI
3,3,5,3,2,4,5,3,5,5,5,5,3,5,4,611f3c7e6f8cb73ad45c7af4,HO-GyyhtDnA
5,6,6,6,5,2,5,5,2,2,3,5,3,5,3,611f3c7e6f8cb73ad45c7af4,2-m3SEGs0kM
3,6,3,3,4,5,6,2,5,3,3,3,2,3,5,57b7761efc23450001acc0a1,Zl-50U1tsBM
2,3,6,3,3,3,3,2,3,3,3,6,3,5,3,5d9f5cae4d62c40010ae40e6,HO-GyyhtDnA
6,3,3,5,7,5,6,5,2,3,3,4,3,6,6,57b7761efc23450001acc0a1,cYszuGaptkk
2,3,3,3,3,5,3,2,2,2,3,6,3,3,3,5d9f5cae4d62c40010ae40e6,cYszuGaptkk
3,5,5,5,5,4,2,3,2,2,3,6,5,3,3,5d9f5cae4d62c40010ae40e6,pdzliNhlqWI
2,6,3,5,5,3,2,2,2,2,3,6,3,3,3,5d9f5cae4d62c40010ae40e6,VIqv8YRVDuY
3,6,5,3,6,5,5,3,3,4,2,6,3,6,3,5e4eb1de8e6da203e5b070ca,pdzliNhlqWI
6,6,6,5,7,6,5,5,3,3,3,5,3,7,3,5e4eb1de8e6da203e5b070ca,2-m3SEGs0kM
6,6,6,6,6,3,3,5,3,2,5,5,3,3,5,611f3c7e6f8cb73ad45c7af4,VIqv8YRVDuY
3,3,5,6,2,5,5,2,4,6,3,3,4,3,6,5e4eb1de8e6da203e5b070ca,HO-GyyhtDnA
5,6,2,5,6,2,6,3,2,3,5,3,4,3,6,5e4eb1de8e6da203e5b070ca,VIqv8YRVDuY
2,3,5,3,3,5,6,3,3,3,5,4,2,2,3,5e4eb1de8e6da203e5b070ca,Zl-50U1tsBM
1,6,3,1,1,3,1,2,6,6,5,3,2,1,5,5c73a9d92dfbdb0001b95375,HO-GyyhtDnA
2,6,6,6,6,6,6,4,4,4,4,4,2,6,6,5ee91869ec57d2169fca4494,2-m3SEGs0kM
2,6,3,3,3,5,5,2,3,2,3,2,3,2,2,5f47d8f1e974b12169221876,Zl-50U1tsBM
3,3,2,5,2,6,6,2,5,5,3,5,3,2,2,5f47d8f1e974b12169221876,HO-GyyhtDnA
7,6,6,7,7,3,3,2,3,3,3,5,3,4,5,5c73a9d92dfbdb0001b95375,VIqv8YRVDuY
5,5,5,6,6,4,3,5,5,5,4,3,3,3,5,5e4eb1de8e6da203e5b070ca,cYszuGaptkk
2,7,6,7,7,1,3,3,3,3,3,3,3,6,6,5ee91869ec57d2169fca4494,pdzliNhlqWI
7,7,7,7,7,3,6,3,2,1,1,7,2,4,2,5c73a9d92dfbdb0001b95375,2-m3SEGs0kM
5,3,5,3,3,3,5,2,5,3,2,6,3,5,2,5f47d8f1e974b12169221876,pdzliNhlqWI
6,5,5,5,6,3,5,2,3,3,1,6,3,6,3,5f47d8f1e974b12169221876,2-m3SEGs0kM
1,2,6,1,1,3,3,2,6,6,2,6,2,1,2,5c73a9d92dfbdb0001b95375,cYszuGaptkk
1,4,5,4,3,5,4,1,5,5,3,3,1,5,3,5ee91869ec57d2169fca4494,Zl-50U1tsBM
3,3,5,5,5,3,5,2,6,3,2,6,3,5,3,5f47d8f1e974b12169221876,VIqv8YRVDuY
3,6,3,4,6,4,4,3,5,4,4,3,3,3,3,5c4207e8f35ed30001a737d7,VIqv8YRVDuY
3,2,2,6,3,6,6,3,3,5,5,6,3,3,3,5f47d8f1e974b12169221876,cYszuGaptkk
2,7,4,5,6,4,5,2,3,3,4,5,4,5,3,5c4207e8f35ed30001a737d7,pdzliNhlqWI
1,7,5,5,7,1,2,2,4,2,3,3,3,6,5,5ee91869ec57d2169fca4494,VIqv8YRVDuY
2,4,3,4,4,6,4,3,6,6,4,3,3,2,3,5c4207e8f35ed30001a737d7,Zl-50U1tsBM
1,3,3,3,5,2,3,3,5,4,4,4,2,6,6,5ee91869ec57d2169fca4494,cYszuGaptkk
4,3,3,2,4,4,4,2,3,5,3,6,2,3,2,5ce2cadbed552600199dc85c,cYszuGaptkk
2,2,5,5,3,5,4,3,5,4,3,5,3,3,3,5e5556c0677c1055083ae16f,cYszuGaptkk
5,6,6,6,6,3,5,5,3,3,2,6,5,5,4,5e5556c0677c1055083ae16f,2-m3SEGs0kM
1,5,7,5,3,6,7,4,5,6,2,6,4,3,7,6229ed79f7a1e9108676da48,HO-GyyhtDnA
1,5,7,4,5,5,7,4,4,6,1,7,4,6,7,6229ed79f7a1e9108676da48,cYszuGaptkk
2,3,4,3,2,3,5,1,4,6,2,4,2,3,2,5c4592d7f608210001a4b0a8,Zl-50U1tsBM
1,2,4,1,1,2,6,2,4,6,2,5,3,3,2,5c4592d7f608210001a4b0a8,HO-GyyhtDnA
3,3,5,4,4,3,3,4,5,5,3,4,3,4,5,5c46c60f5aca820001f7d05d,VIqv8YRVDuY
3,7,6,4,5,4,4,3,6,6,4,5,3,4,4,5c4207e8f35ed30001a737d7,2-m3SEGs0kM
3,3,6,1,2,6,4,4,7,7,4,5,4,3,3,5c4207e8f35ed30001a737d7,HO-GyyhtDnA
3,6,6,6,6,3,3,5,3,3,2,5,5,5,3,5e5556c0677c1055083ae16f,VIqv8YRVDuY
1,3,7,4,2,6,7,3,5,5,4,7,4,2,3,6229ed79f7a1e9108676da48,Zl-50U1tsBM
4,4,7,4,6,6,5,3,4,5,3,6,3,6,3,611bdc0a559f692248bf1c54,cYszuGaptkk
3,5,4,3,3,4,4,3,5,5,2,4,3,4,1,5c46c60f5aca820001f7d05d,pdzliNhlqWI
1,3,6,2,2,5,3,2,3,2,3,5,3,3,5,5f005223a990f702918306fe,HO-GyyhtDnA
6,6,6,7,7,4,5,3,2,2,3,4,3,5,6,61362316891827226628509d,VIqv8YRVDuY
6,6,5,6,6,2,6,5,2,2,4,6,3,5,4,611bdc0a559f692248bf1c54,VIqv8YRVDuY
7,7,7,7,7,6,5,7,2,1,1,6,1,6,6,61362316891827226628509d,2-m3SEGs0kM
4,4,5,4,5,3,4,4,6,7,4,5,3,2,4,5c4207e8f35ed30001a737d7,cYszuGaptkk
3,5,4,2,3,5,5,2,3,6,3,5,3,3,2,5ce2cadbed552600199dc85c,Zl-50U1tsBM
2,5,5,6,6,3,5,4,3,3,1,5,5,5,5,5e5556c0677c1055083ae16f,pdzliNhlqWI
6,6,6,5,6,4,4,3,2,2,3,7,4,5,3,5ce2cadbed552600199dc85c,pdzliNhlqWI
2,2,3,2,3,5,4,3,4,6,3,6,5,3,3,5ce2cadbed552600199dc85c,HO-GyyhtDnA
7,7,6,6,6,2,3,5,2,2,2,6,4,6,4,5ce2cadbed552600199dc85c,2-m3SEGs0kM
5,7,7,4,5,3,4,2,1,1,1,7,4,3,1,6229ed79f7a1e9108676da48,pdzliNhlqWI
3,5,5,3,3,4,4,3,5,3,2,4,4,4,5,5c46c60f5aca820001f7d05d,HO-GyyhtDnA
3,3,3,6,6,3,5,5,3,6,4,6,6,6,6,597f88ce7b7b850001fa4f3d,cYszuGaptkk
5,5,5,4,5,3,4,4,5,3,2,4,4,4,3,5c46c60f5aca820001f7d05d,2-m3SEGs0kM
2,7,6,5,5,2,3,3,1,1,5,3,5,3,2,597f88ce7b7b850001fa4f3d,pdzliNhlqWI
3,6,6,4,4,4,5,4,5,5,3,5,3,4,3,5c4592d7f608210001a4b0a8,cYszuGaptkk
2,5,3,5,3,3,6,3,3,3,3,6,3,3,4,5f005223a990f702918306fe,cYszuGaptkk
5,6,5,3,5,5,6,3,2,3,2,6,3,4,2,611bdc0a559f692248bf1c54,pdzliNhlqWI
6,6,4,4,5,4,3,3,2,5,4,3,3,5,2,5ce2cadbed552600199dc85c,VIqv8YRVDuY
3,5,3,3,3,6,3,2,7,7,6,6,2,2,3,5ee91869ec57d2169fca4494,HO-GyyhtDnA
2,3,6,4,3,5,4,3,5,5,3,6,3,3,3,5e5556c0677c1055083ae16f,HO-GyyhtDnA
6,6,3,3,5,5,3,3,2,2,5,3,3,3,3,5e5556c0677c1055083ae16f,Zl-50U1tsBM
1,5,7,3,6,3,3,4,5,5,2,3,4,5,6,6229ed79f7a1e9108676da48,VIqv8YRVDuY
1,6,7,4,6,4,7,4,1,1,1,7,3,5,1,6229ed79f7a1e9108676da48,2-m3SEGs0kM
4,4,4,4,4,4,4,4,4,4,4,4,4,4,4,597f88ce7b7b850001fa4f3d,HO-GyyhtDnA
2,6,6,3,6,3,5,4,3,4,2,5,4,4,3,5c4592d7f608210001a4b0a8,VIqv8YRVDuY
2,7,6,2,6,5,5,2,5,5,2,5,3,4,3,5c4592d7f608210001a4b0a8,pdzliNhlqWI
7,7,7,6,7,4,6,6,5,3,3,4,3,4,4,5c4592d7f608210001a4b0a8,2-m3SEGs0kM
3,4,5,3,3,4,4,3,5,5,4,3,3,4,3,5c46c60f5aca820001f7d05d,Zl-50U1tsBM
2,6,3,2,7,2,5,3,2,3,3,5,3,5,5,5f005223a990f702918306fe,VIqv8YRVDuY
3,5,4,4,4,4,4,4,5,5,3,4,4,4,3,5c46c60f5aca820001f7d05d,cYszuGaptkk
3,5,3,5,3,5,3,2,2,3,2,3,3,3,5,597f88ce7b7b850001fa4f3d,Zl-50U1tsBM
6,5,5,7,7,6,6,7,1,1,1,6,2,6,7,61362316891827226628509d,pdzliNhlqWI
5,6,6,6,6,5,3,5,3,3,2,6,4,6,3,5f58970c75be84000bd26e43,2-m3SEGs0kM
4,3,2,2,2,6,3,2,2,3,6,3,2,2,3,5f58970c75be84000bd26e43,Zl-50U1tsBM
4,3,2,2,3,4,3,2,2,5,6,3,3,4,5,5f58970c75be84000bd26e43,cYszuGaptkk
3,6,3,2,3,3,3,2,2,3,3,3,4,5,2,5f58970c75be84000bd26e43,pdzliNhlqWI
7,7,7,7,7,1,4,7,1,4,4,4,4,4,4,6156fe57a77ed18bda735726,pdzliNhlqWI
5,4,2,4,3,4,1,3,2,3,3,1,3,3,2,5c8d4db8c6eef00001bd2510,VIqv8YRVDuY
2,3,2,5,2,5,6,3,4,6,2,2,3,1,6,5c8d4db8c6eef00001bd2510,HO-GyyhtDnA
3,4,3,3,3,2,3,3,4,5,4,4,3,3,3,5cec2831539ced0017fbc5f4,VIqv8YRVDuY
6,6,5,6,7,2,4,5,2,2,2,6,4,3,4,5ee9e46e9087b300082d46cd,2-m3SEGs0kM
2,6,3,3,7,1,6,2,2,1,1,5,2,3,2,5f005223a990f702918306fe,2-m3SEGs0kM
6,6,7,6,6,6,5,3,2,3,2,6,3,6,3,611bdc0a559f692248bf1c54,2-m3SEGs0kM
6,6,5,6,6,3,5,5,2,3,5,3,5,5,6,597f88ce7b7b850001fa4f3d,VIqv8YRVDuY
5,3,6,5,6,3,3,2,3,6,6,3,3,5,5,5f58970c75be84000bd26e43,VIqv8YRVDuY
4,4,4,4,4,4,4,4,4,4,4,4,4,4,4,6156fe57a77ed18bda735726,cYszuGaptkk
3,3,3,3,3,5,4,4,3,3,4,4,4,4,4,6156fe57a77ed18bda735726,Zl-50U1tsBM
3,3,3,3,2,5,5,3,5,4,3,4,3,3,4,58f4a7947b2e410001c2edde,Zl-50U1tsBM
3,5,5,5,6,3,5,3,3,3,2,4,3,5,4,58f4a7947b2e410001c2edde,pdzliNhlqWI
6,6,2,6,3,5,6,2,3,5,2,2,3,1,5,5c8d4db8c6eef00001bd2510,cYszuGaptkk
4,6,5,5,6,3,4,3,3,3,3,5,3,4,3,58f4a7947b2e410001c2edde,2-m3SEGs0kM
4,3,3,4,3,3,4,4,3,3,4,3,3,4,3,5cec2831539ced0017fbc5f4,2-m3SEGs0kM
5,7,7,4,6,2,6,2,2,2,2,3,4,6,4,5c8d4db8c6eef00001bd2510,2-m3SEGs0kM
6,6,3,6,5,4,3,3,2,2,4,2,2,2,2,5ee9e46e9087b300082d46cd,Zl-50U1tsBM
5,6,5,6,6,3,4,5,2,2,4,3,3,3,4,5ee9e46e9087b300082d46cd,VIqv8YRVDuY
7,7,7,6,6,2,5,3,2,1,3,6,5,5,5,597f88ce7b7b850001fa4f3d,2-m3SEGs0kM
1,3,3,2,2,6,6,1,6,6,4,3,2,3,1,611bdc0a559f692248bf1c54,HO-GyyhtDnA
2,6,3,5,3,3,5,2,3,2,1,2,3,2,2,5f005223a990f702918306fe,Zl-50U1tsBM
6,6,3,3,6,2,6,2,3,2,2,5,2,3,5,5f005223a990f702918306fe,pdzliNhlqWI
2,2,3,2,3,6,2,1,5,5,6,2,2,2,2,61362316891827226628509d,Zl-50U1tsBM
2,3,3,3,3,6,5,2,5,5,3,4,3,2,3,611bdc0a559f692248bf1c54,Zl-50U1tsBM
6,3,5,6,7,2,5,4,5,3,3,5,2,6,6,61362316891827226628509d,cYszuGaptkk
4,3,3,4,6,5,4,3,6,6,5,4,3,4,6,58f4a7947b2e410001c2edde,VIqv8YRVDuY
4,3,3,4,3,3,3,2,3,3,2,3,3,2,3,5cec2831539ced0017fbc5f4,pdzliNhlqWI
4,3,3,4,5,5,4,5,5,5,4,5,5,5,5,5cec2831539ced0017fbc5f4,Zl-50U1tsBM
3,3,3,6,3,4,5,5,3,3,3,3,3,3,3,5ee9e46e9087b300082d46cd,cYszuGaptkk
2,2,2,1,1,5,5,1,5,5,3,2,2,2,4,61362316891827226628509d,HO-GyyhtDnA
2,2,2,2,2,2,2,2,2,3,4,4,4,4,4,6156fe57a77ed18bda735726,HO-GyyhtDnA
2,3,2,2,2,6,5,2,6,6,3,3,3,2,6,5f58970c75be84000bd26e43,HO-GyyhtDnA
3,1,4,4,3,5,4,4,6,7,4,4,3,3,5,58f4a7947b2e410001c2edde,HO-GyyhtDnA
7,7,7,7,7,1,4,4,4,4,4,4,4,4,4,6156fe57a77ed18bda735726,2-m3SEGs0kM
4,2,4,4,4,4,4,4,6,7,4,4,3,4,7,58f4a7947b2e410001c2edde,cYszuGaptkk
4,4,4,4,4,4,4,4,4,4,4,4,4,4,4,6156fe57a77ed18bda735726,VIqv8YRVDuY
2,7,6,4,5,3,2,3,2,5,3,3,4,5,3,5c8d4db8c6eef00001bd2510,pdzliNhlqWI
4,3,3,4,4,3,4,3,3,4,3,3,4,3,3,5cec2831539ced0017fbc5f4,cYszuGaptkk
3,6,3,6,4,5,3,3,2,6,3,3,4,2,5,5c8d4db8c6eef00001bd2510,Zl-50U1tsBM
3,4,4,3,4,4,5,4,4,5,3,4,4,3,3,5cec2831539ced0017fbc5f4,HO-GyyhtDnA
2,2,5,6,3,4,5,4,3,3,3,5,4,3,4,5ee9e46e9087b300082d46cd,HO-GyyhtDnA
5,6,3,6,6,3,4,3,1,1,2,5,3,4,3,5ee9e46e9087b300082d46cd,pdzliNhlqWI
6,7,6,6,7,2,5,6,3,2,2,6,5,5,6,60fcae5006b60b192967e47f,2-m3SEGs0kM
3,3,5,2,2,6,4,2,6,6,7,5,3,3,4,60fcae5006b60b192967e47f,Zl-50U1tsBM
2,2,4,1,7,7,7,1,7,7,7,7,6,6,6,60fcae5006b60b192967e47f,HO-GyyhtDnA
6,6,3,2,2,6,2,1,5,5,3,4,5,3,3,5c5cb335c378220001e5ed9b,HO-GyyhtDnA
3,6,3,2,7,3,4,3,2,2,4,6,6,5,6,60fcae5006b60b192967e47f,pdzliNhlqWI
3,5,6,6,7,3,3,6,3,7,7,7,3,5,5,60fcae5006b60b192967e47f,cYszuGaptkk
6,6,7,7,7,2,2,2,2,6,6,5,5,4,5,60fcae5006b60b192967e47f,VIqv8YRVDuY
6,7,6,5,6,5,5,6,2,4,3,6,4,3,3,5a81d2b6190420000155d995,VIqv8YRVDuY
6,6,5,5,5,6,6,3,2,2,2,7,3,3,2,61478fcbc820cdf835b652a5,pdzliNhlqWI
3,7,5,5,7,4,5,5,2,2,4,7,4,6,3,543e85adfdf99b7356902e90,pdzliNhlqWI
3,6,6,6,6,3,4,3,2,3,6,3,3,2,2,5a81d2b6190420000155d995,cYszuGaptkk
1,2,2,2,2,6,6,1,3,6,4,2,3,2,5,543e85adfdf99b7356902e90,HO-GyyhtDnA
2,2,3,2,2,3,3,2,5,4,4,6,4,3,3,5b47e287bc06c90001f8b67d,HO-GyyhtDnA
2,2,3,2,2,3,3,2,5,3,5,4,3,3,2,5b47e287bc06c90001f8b67d,Zl-50U1tsBM
2,3,4,3,5,3,3,2,5,5,5,5,4,6,5,5b47e287bc06c90001f8b67d,cYszuGaptkk
6,6,6,6,6,3,3,6,2,2,3,6,3,6,4,5c5cb335c378220001e5ed9b,pdzliNhlqWI
4,6,5,5,5,4,3,3,4,5,5,4,3,6,3,5c5cb335c378220001e5ed9b,cYszuGaptkk
6,6,5,5,5,3,3,4,4,4,2,6,4,5,4,5c5cb335c378220001e5ed9b,2-m3SEGs0kM
5,7,6,6,6,3,5,5,3,3,3,5,4,5,4,5c5cb335c378220001e5ed9b,VIqv8YRVDuY
7,7,6,6,6,3,5,6,2,1,1,6,3,4,3,5a81d2b6190420000155d995,pdzliNhlqWI
3,2,5,6,7,6,6,6,5,6,6,3,5,6,6,61478fcbc820cdf835b652a5,cYszuGaptkk
6,7,6,2,2,5,5,6,3,1,3,2,2,2,2,5a81d2b6190420000155d995,Zl-50U1tsBM
3,7,2,2,3,6,4,2,2,4,4,3,2,3,2,543e85adfdf99b7356902e90,Zl-50U1tsBM
2,5,2,2,6,2,3,3,3,3,5,5,3,3,5,5b47e287bc06c90001f8b67d,VIqv8YRVDuY
6,7,6,6,6,6,6,7,2,1,1,6,3,3,2,5a81d2b6190420000155d995,2-m3SEGs0kM
6,6,2,6,7,2,2,5,6,6,6,1,5,5,7,61478fcbc820cdf835b652a5,VIqv8YRVDuY
4,6,3,2,3,4,4,2,3,6,4,2,2,2,2,543e85adfdf99b7356902e90,cYszuGaptkk
2,1,5,7,5,7,7,3,6,6,3,2,5,5,6,61478fcbc820cdf835b652a5,HO-GyyhtDnA
7,7,5,6,7,4,2,7,1,1,2,6,3,6,6,61478fcbc820cdf835b652a5,2-m3SEGs0kM
5,6,3,3,6,2,5,5,2,2,4,6,3,2,2,5b47e287bc06c90001f8b67d,pdzliNhlqWI
5,6,5,3,3,5,4,2,4,3,3,4,5,3,3,5c5cb335c378220001e5ed9b,Zl-50U1tsBM
7,7,2,5,7,5,1,6,2,3,3,3,5,2,3,61478fcbc820cdf835b652a5,Zl-50U1tsBM
2,2,6,1,1,3,2,2,5,5,5,2,3,2,5,5a81d2b6190420000155d995,HO-GyyhtDnA
6,7,6,6,7,4,6,7,2,2,3,6,4,7,3,543e85adfdf99b7356902e90,2-m3SEGs0kM
5,7,3,3,6,3,4,3,2,3,4,2,3,5,3,543e85adfdf99b7356902e90,VIqv8YRVDuY
5,6,4,3,6,2,6,5,2,2,2,6,3,2,3,5b47e287bc06c90001f8b67d,2-m3SEGs0kM
3,5,5,5,6,2,3,3,5,3,3,5,5,5,3,61a74f50a9217c6f76a4d0c8,pdzliNhlqWI
3,3,5,6,7,5,6,6,6,7,7,7,7,7,7,61a74f50a9217c6f76a4d0c8,HO-GyyhtDnA
5,6,6,5,7,3,3,3,5,3,3,5,3,5,5,61a74f50a9217c6f76a4d0c8,VIqv8YRVDuY
5,3,3,6,6,3,3,5,5,7,5,5,5,5,5,61a74f50a9217c6f76a4d0c8,cYszuGaptkk
3,5,3,3,6,5,5,2,5,3,2,5,3,5,5,61a74f50a9217c6f76a4d0c8,Zl-50U1tsBM
6,6,6,6,7,2,5,2,3,1,2,5,3,6,2,61a74f50a9217c6f76a4d0c8,2-m3SEGs0kM
4,5,3,4,4,6,5,4,4,4,3,3,4,4,3,6142013d4dd8ae5ca2b4329b,VIqv8YRVDuY
2,3,2,1,2,5,7,2,6,6,2,6,6,3,3,5f9d8c7836c7202cdcc9aa28,Zl-50U1tsBM
7,7,7,6,5,2,2,1,3,1,1,7,2,4,3,56cefc4cb009e1000aa73684,2-m3SEGs0kM
2,2,3,1,1,7,7,2,6,6,2,7,3,2,3,5f9d8c7836c7202cdcc9aa28,HO-GyyhtDnA
3,3,3,3,3,6,6,4,4,5,3,5,3,2,6,6142013d4dd8ae5ca2b4329b,HO-GyyhtDnA
4,2,7,7,7,7,7,6,5,7,4,4,4,6,7,56cefc4cb009e1000aa73684,cYszuGaptkk
5,7,6,6,5,4,1,1,3,2,7,7,4,3,5,56cefc4cb009e1000aa73684,pdzliNhlqWI
2,4,4,4,4,5,4,3,6,6,4,4,4,4,4,61fa94eb5719bc09cb835082,Zl-50U1tsBM
6,6,6,6,6,3,6,5,4,4,3,6,4,5,5,61fa94eb5719bc09cb835082,2-m3SEGs0kM
2,5,4,5,5,3,4,4,4,4,3,4,4,4,4,61fa94eb5719bc09cb835082,pdzliNhlqWI
5,5,5,4,6,2,3,4,2,2,2,4,4,5,4,6142013d4dd8ae5ca2b4329b,2-m3SEGs0kM
3,2,4,2,5,4,5,4,3,2,3,7,5,4,4,56cefc4cb009e1000aa73684,HO-GyyhtDnA
5,6,6,3,2,7,7,4,6,7,2,7,3,4,3,56cefc4cb009e1000aa73684,Zl-50U1tsBM
2,3,4,3,3,4,5,5,6,6,4,5,4,4,6,61fa94eb5719bc09cb835082,HO-GyyhtDnA
2,4,4,5,4,5,6,4,4,4,2,4,3,2,3,6142013d4dd8ae5ca2b4329b,cYszuGaptkk
7,7,7,7,7,2,3,2,6,2,1,7,3,7,3,5f9d8c7836c7202cdcc9aa28,2-m3SEGs0kM
7,7,2,3,7,2,2,3,6,6,1,7,6,2,2,5f9d8c7836c7202cdcc9aa28,pdzliNhlqWI
3,5,3,3,4,5,4,2,1,1,1,5,3,4,2,6142013d4dd8ae5ca2b4329b,pdzliNhlqWI
3,7,2,3,3,6,6,1,5,6,2,7,6,3,5,5f9d8c7836c7202cdcc9aa28,cYszuGaptkk
7,7,3,3,7,2,2,5,3,6,1,7,3,2,7,5f9d8c7836c7202cdcc9aa28,VIqv8YRVDuY
2,4,3,3,3,5,6,4,4,3,3,4,3,3,4,6142013d4dd8ae5ca2b4329b,Zl-50U1tsBM
4,7,3,2,6,4,3,2,1,1,2,6,3,5,2,56cefc4cb009e1000aa73684,VIqv8YRVDuY
3,4,4,4,4,4,4,4,5,5,4,5,4,5,5,61fa94eb5719bc09cb835082,cYszuGaptkk
7,7,7,3,6,2,4,2,2,2,1,6,3,5,4,60b36a96346dd63678e6cfe6,2-m3SEGs0kM
7,7,7,6,7,1,6,4,3,1,3,4,3,6,3,5f1732153f88740671925041,pdzliNhlqWI
2,2,5,6,3,7,6,6,6,7,5,6,5,2,5,6103e3edaf7f1d45872d5963,HO-GyyhtDnA
3,2,5,5,5,5,6,5,3,6,5,6,5,3,5,6103e3edaf7f1d45872d5963,Zl-50U1tsBM
3,3,6,5,6,6,6,5,3,5,3,6,5,5,5,6103e3edaf7f1d45872d5963,pdzliNhlqWI
4,3,5,7,4,4,4,4,3,6,4,6,3,6,6,60b36a96346dd63678e6cfe6,cYszuGaptkk
3,5,4,5,5,4,5,5,5,5,4,5,4,5,5,61fa94eb5719bc09cb835082,VIqv8YRVDuY
3,3,4,1,1,6,4,3,5,4,4,5,4,3,3,5f1732153f88740671925041,HO-GyyhtDnA
1,1,2,1,1,6,3,3,5,6,6,5,4,1,4,5adfaab95f327e0001fb8c8e,HO-GyyhtDnA
2,3,5,6,2,5,5,3,5,5,4,6,4,4,5,60b36a96346dd63678e6cfe6,HO-GyyhtDnA
2,6,6,4,6,3,2,3,3,3,4,6,4,4,5,60b36a96346dd63678e6cfe6,VIqv8YRVDuY
7,5,6,4,3,4,2,3,5,3,3,6,4,3,6,60b36a96346dd63678e6cfe6,Zl-50U1tsBM
1,7,6,2,6,2,3,2,3,3,2,6,4,4,3,60b36a96346dd63678e6cfe6,pdzliNhlqWI
7,6,7,7,7,5,6,6,2,2,3,6,5,7,6,6103e3edaf7f1d45872d5963,2-m3SEGs0kM
3,1,5,2,3,4,3,4,5,6,6,3,4,3,5,5f1732153f88740671925041,cYszuGaptkk
5,6,5,4,6,3,4,3,2,3,2,3,4,5,4,5adfaab95f327e0001fb8c8e,2-m3SEGs0kM
6,6,6,5,6,5,5,4,3,2,4,3,4,6,4,5f1732153f88740671925041,2-m3SEGs0kM
2,2,5,2,2,6,5,3,5,5,4,3,4,3,3,5f1732153f88740671925041,Zl-50U1tsBM
6,7,3,5,7,1,3,4,4,5,5,2,3,3,6,5f1732153f88740671925041,VIqv8YRVDuY
5,3,2,4,6,2,3,5,2,4,6,5,4,4,4,5adfaab95f327e0001fb8c8e,VIqv8YRVDuY
3,3,5,5,5,6,6,5,3,5,5,6,5,3,6,6103e3edaf7f1d45872d5963,VIqv8YRVDuY
2,7,5,4,5,4,4,5,4,7,4,6,5,5,6,5adfaab95f327e0001fb8c8e,cYszuGaptkk
5,1,6,3,6,5,6,6,4,6,3,6,5,3,6,6103e3edaf7f1d45872d5963,cYszuGaptkk
1,1,6,2,6,4,2,3,2,2,7,3,5,5,2,5adfaab95f327e0001fb8c8e,pdzliNhlqWI
2,1,1,3,2,6,5,3,5,6,4,5,4,2,6,5adfaab95f327e0001fb8c8e,Zl-50U1tsBM
5,6,5,7,7,3,6,5,3,3,1,7,3,5,6,5c4074b625379500019a8ca5,VIqv8YRVDuY
7,5,6,6,6,6,6,2,2,3,3,6,5,5,3,5e6e37cf6c47283eaa39ceeb,pdzliNhlqWI
3,5,5,6,5,2,6,6,2,2,3,6,2,5,5,5971cee2f4058000011deea6,VIqv8YRVDuY
5,5,2,4,4,6,5,5,3,4,3,6,5,3,5,5c4074b625379500019a8ca5,Zl-50U1tsBM
5,6,6,5,5,1,5,5,2,3,3,6,2,6,5,5971cee2f4058000011deea6,2-m3SEGs0kM
6,6,5,6,7,1,7,3,2,1,1,7,5,6,4,5c4074b625379500019a8ca5,2-m3SEGs0kM
3,5,5,3,4,3,6,5,3,3,3,6,2,6,5,5971cee2f4058000011deea6,pdzliNhlqWI
6,5,5,5,6,1,6,2,3,3,1,7,4,5,3,5c4074b625379500019a8ca5,pdzliNhlqWI
3,3,5,3,3,6,5,3,5,4,4,5,2,3,5,5971cee2f4058000011deea6,Zl-50U1tsBM
2,2,3,6,3,7,5,5,3,7,7,6,3,3,7,5e6e37cf6c47283eaa39ceeb,cYszuGaptkk
5,3,2,3,5,4,4,3,4,6,5,5,4,5,7,5c4074b625379500019a8ca5,HO-GyyhtDnA
5,5,2,4,5,6,6,5,3,6,1,7,5,3,6,5c4074b625379500019a8ca5,cYszuGaptkk
7,5,3,2,2,3,3,2,1,2,1,6,2,3,3,5e6e37cf6c47283eaa39ceeb,Zl-50U1tsBM
2,6,5,3,3,6,5,3,6,5,5,4,2,2,4,5971cee2f4058000011deea6,HO-GyyhtDnA
7,7,6,6,7,5,5,3,1,1,1,5,3,7,3,5e6e37cf6c47283eaa39ceeb,2-m3SEGs0kM
2,6,5,3,3,6,5,5,4,5,5,5,3,5,4,5971cee2f4058000011deea6,cYszuGaptkk
2,2,5,6,7,3,3,2,5,7,7,3,3,5,7,5e6e37cf6c47283eaa39ceeb,VIqv8YRVDuY
1,2,5,2,1,6,6,1,7,7,1,5,3,2,6,5e6e37cf6c47283eaa39ceeb,HO-GyyhtDnA
6,7,4,6,7,3,3,5,1,1,2,5,3,5,6,56db73e97dcddf000cd564d4,2-m3SEGs0kM
2,2,5,1,1,6,5,3,4,3,3,6,3,2,5,56db73e97dcddf000cd564d4,HO-GyyhtDnA
2,7,5,4,6,2,2,3,1,2,7,4,3,3,6,56db73e97dcddf000cd564d4,VIqv8YRVDuY
2,3,3,2,2,6,1,2,4,3,5,3,3,3,3,56db73e97dcddf000cd564d4,Zl-50U1tsBM
5,7,6,6,6,2,5,5,1,1,2,6,4,5,6,56db73e97dcddf000cd564d4,pdzliNhlqWI
2,3,5,4,3,4,3,4,4,4,6,3,2,4,6,56db73e97dcddf000cd564d4,cYszuGaptkk
